[INFO] Scanning for projects...
[INFO] 
[INFO] ------------------------< cl.pymetrack:ms-user >------------------------
[INFO] Building ms-user 1.0.0
[INFO]   from pom.xml
[INFO] --------------------------------[ jar ]---------------------------------
[INFO] 
[INFO] >>> spring-boot:3.2.0:run (default-cli) > test-compile @ ms-user >>>
[INFO] 
[INFO] --- resources:3.3.1:resources (default-resources) @ ms-user ---
[INFO] Copying 1 resource from src/main/resources to target/classes
[INFO] Copying 0 resource from src/main/resources to target/classes
[INFO] 
[INFO] --- compiler:3.11.0:compile (default-compile) @ ms-user ---
[INFO] Nothing to compile - all classes are up to date
[INFO] 
[INFO] --- resources:3.3.1:testResources (default-testResources) @ ms-user ---
[INFO] skip non existing resourceDirectory /Users/alvaro/Desktop/ING. INFORMÁTICA/V SEM - 2026/FULLSTACK III/ENCARGO 2/pymetrack-mvp/backend/ms-user/src/test/resources
[INFO] 
[INFO] --- compiler:3.11.0:testCompile (default-testCompile) @ ms-user ---
[INFO] Nothing to compile - all classes are up to date
[INFO] 
[INFO] <<< spring-boot:3.2.0:run (default-cli) < test-compile @ ms-user <<<
[INFO] 
[INFO] 
[INFO] --- spring-boot:3.2.0:run (default-cli) @ ms-user ---
[INFO] Attaching agents: []

  .   ____          _            __ _ _
 /\\ / ___'_ __ _ _(_)_ __  __ _ \ \ \ \
( ( )\___ | '_ | '_| | '_ \/ _` | \ \ \ \
 \\/  ___)| |_)| | | | | || (_| |  ) ) ) )
  '  |____| .__|_| |_|_| |_\__, | / / / /
 =========|_|==============|___/=/_/_/_/
 :: Spring Boot ::                (v3.2.0)

2026-05-04T23:41:11.269-04:00  INFO 11356 --- [ms-user] [           main] cl.pymetrack.msuser.MsUserApplication    : Starting MsUserApplication using Java 25.0.2 with PID 11356 (/Users/alvaro/Desktop/ING. INFORMÁTICA/V SEM - 2026/FULLSTACK III/ENCARGO 2/pymetrack-mvp/backend/ms-user/target/classes started by alvaro in /Users/alvaro/Desktop/ING. INFORMÁTICA/V SEM - 2026/FULLSTACK III/ENCARGO 2/pymetrack-mvp/backend/ms-user)
2026-05-04T23:41:11.271-04:00  INFO 11356 --- [ms-user] [           main] cl.pymetrack.msuser.MsUserApplication    : No active profile set, falling back to 1 default profile: "default"
2026-05-04T23:41:11.558-04:00  INFO 11356 --- [ms-user] [           main] .s.d.r.c.RepositoryConfigurationDelegate : Bootstrapping Spring Data JPA repositories in DEFAULT mode.
2026-05-04T23:41:11.622-04:00  INFO 11356 --- [ms-user] [           main] .s.d.r.c.RepositoryConfigurationDelegate : Finished Spring Data repository scanning in 60 ms. Found 3 JPA repository interfaces.
WARNING: A restricted method in java.lang.System has been called
WARNING: java.lang.System::load has been called by org.apache.tomcat.jni.Library in an unnamed module (file:/Users/alvaro/.m2/repository/org/apache/tomcat/embed/tomcat-embed-core/10.1.16/tomcat-embed-core-10.1.16.jar)
WARNING: Use --enable-native-access=ALL-UNNAMED to avoid a warning for callers in this module
WARNING: Restricted methods will be blocked in a future release unless native access is enabled

2026-05-04T23:41:11.843-04:00  INFO 11356 --- [ms-user] [           main] o.s.b.w.embedded.tomcat.TomcatWebServer  : Tomcat initialized with port 8085 (http)
2026-05-04T23:41:11.847-04:00  INFO 11356 --- [ms-user] [           main] o.apache.catalina.core.StandardService   : Starting service [Tomcat]
2026-05-04T23:41:11.847-04:00  INFO 11356 --- [ms-user] [           main] o.apache.catalina.core.StandardEngine    : Starting Servlet engine: [Apache Tomcat/10.1.16]
2026-05-04T23:41:11.869-04:00  INFO 11356 --- [ms-user] [           main] o.a.c.c.C.[Tomcat].[localhost].[/]       : Initializing Spring embedded WebApplicationContext
2026-05-04T23:41:11.869-04:00  INFO 11356 --- [ms-user] [           main] w.s.c.ServletWebServerApplicationContext : Root WebApplicationContext: initialization completed in 580 ms
2026-05-04T23:41:11.930-04:00  INFO 11356 --- [ms-user] [           main] o.hibernate.jpa.internal.util.LogHelper  : HHH000204: Processing PersistenceUnitInfo [name: default]
2026-05-04T23:41:11.949-04:00  INFO 11356 --- [ms-user] [           main] org.hibernate.Version                    : HHH000412: Hibernate ORM core version 6.3.1.Final
2026-05-04T23:41:11.961-04:00  INFO 11356 --- [ms-user] [           main] o.h.c.internal.RegionFactoryInitiator    : HHH000026: Second-level cache disabled
2026-05-04T23:41:12.052-04:00  INFO 11356 --- [ms-user] [           main] o.s.o.j.p.SpringPersistenceUnitInfo      : No LoadTimeWeaver setup: ignoring JPA class transformer
2026-05-04T23:41:12.061-04:00  INFO 11356 --- [ms-user] [           main] com.zaxxer.hikari.HikariDataSource       : HikariPool-1 - Starting...
2026-05-04T23:41:12.133-04:00  INFO 11356 --- [ms-user] [           main] com.zaxxer.hikari.pool.HikariPool        : HikariPool-1 - Added connection com.mysql.cj.jdbc.ConnectionImpl@23469199
2026-05-04T23:41:12.134-04:00  INFO 11356 --- [ms-user] [           main] com.zaxxer.hikari.HikariDataSource       : HikariPool-1 - Start completed.
2026-05-04T23:41:12.159-04:00  WARN 11356 --- [ms-user] [           main] org.hibernate.orm.deprecation            : HHH90000025: MySQLDialect does not need to be specified explicitly using 'hibernate.dialect' (remove the property setting and it will be selected by default)
2026-05-04T23:41:12.479-04:00  INFO 11356 --- [ms-user] [           main] o.h.e.t.j.p.i.JtaPlatformInitiator       : HHH000489: No JTA platform available (set 'hibernate.transaction.jta.platform' to enable JTA platform integration)
Hibernate: 
    alter table pymes 
       add column creado_en datetime(6) not null
2026-05-04T23:41:12.514-04:00  WARN 11356 --- [ms-user] [           main] o.h.t.s.i.ExceptionHandlerLoggedImpl     : GenerationTarget encountered exception accepting command : Error executing DDL "
    alter table pymes 
       add column creado_en datetime(6) not null" via JDBC [Data truncation: Incorrect datetime value: '0000-00-00 00:00:00' for column 'creado_en' at row 1]

org.hibernate.tool.schema.spi.CommandAcceptanceException: Error executing DDL "
    alter table pymes 
       add column creado_en datetime(6) not null" via JDBC [Data truncation: Incorrect datetime value: '0000-00-00 00:00:00' for column 'creado_en' at row 1]
	at org.hibernate.tool.schema.internal.exec.GenerationTargetToDatabase.accept(GenerationTargetToDatabase.java:94) ~[hibernate-core-6.3.1.Final.jar:6.3.1.Final]
	at org.hibernate.tool.schema.internal.AbstractSchemaMigrator.applySqlString(AbstractSchemaMigrator.java:574) ~[hibernate-core-6.3.1.Final.jar:6.3.1.Final]
	at org.hibernate.tool.schema.internal.AbstractSchemaMigrator.applySqlStrings(AbstractSchemaMigrator.java:514) ~[hibernate-core-6.3.1.Final.jar:6.3.1.Final]
	at org.hibernate.tool.schema.internal.AbstractSchemaMigrator.migrateTable(AbstractSchemaMigrator.java:333) ~[hibernate-core-6.3.1.Final.jar:6.3.1.Final]
	at org.hibernate.tool.schema.internal.GroupedSchemaMigratorImpl.performTablesMigration(GroupedSchemaMigratorImpl.java:84) ~[hibernate-core-6.3.1.Final.jar:6.3.1.Final]
	at org.hibernate.tool.schema.internal.AbstractSchemaMigrator.performMigration(AbstractSchemaMigrator.java:232) ~[hibernate-core-6.3.1.Final.jar:6.3.1.Final]
	at org.hibernate.tool.schema.internal.AbstractSchemaMigrator.doMigration(AbstractSchemaMigrator.java:117) ~[hibernate-core-6.3.1.Final.jar:6.3.1.Final]
	at org.hibernate.tool.schema.spi.SchemaManagementToolCoordinator.performDatabaseAction(SchemaManagementToolCoordinator.java:286) ~[hibernate-core-6.3.1.Final.jar:6.3.1.Final]
	at org.hibernate.tool.schema.spi.SchemaManagementToolCoordinator.lambda$process$5(SchemaManagementToolCoordinator.java:145) ~[hibernate-core-6.3.1.Final.jar:6.3.1.Final]
	at java.base/java.util.HashMap.forEach(HashMap.java:1430) ~[na:na]
	at org.hibernate.tool.schema.spi.SchemaManagementToolCoordinator.process(SchemaManagementToolCoordinator.java:142) ~[hibernate-core-6.3.1.Final.jar:6.3.1.Final]
	at org.hibernate.boot.internal.SessionFactoryObserverForSchemaExport.sessionFactoryCreated(SessionFactoryObserverForSchemaExport.java:37) ~[hibernate-core-6.3.1.Final.jar:6.3.1.Final]
	at org.hibernate.internal.SessionFactoryObserverChain.sessionFactoryCreated(SessionFactoryObserverChain.java:35) ~[hibernate-core-6.3.1.Final.jar:6.3.1.Final]
	at org.hibernate.internal.SessionFactoryImpl.<init>(SessionFactoryImpl.java:295) ~[hibernate-core-6.3.1.Final.jar:6.3.1.Final]
	at org.hibernate.boot.internal.SessionFactoryBuilderImpl.build(SessionFactoryBuilderImpl.java:450) ~[hibernate-core-6.3.1.Final.jar:6.3.1.Final]
	at org.hibernate.jpa.boot.internal.EntityManagerFactoryBuilderImpl.build(EntityManagerFactoryBuilderImpl.java:1507) ~[hibernate-core-6.3.1.Final.jar:6.3.1.Final]
	at org.springframework.orm.jpa.vendor.SpringHibernateJpaPersistenceProvider.createContainerEntityManagerFactory(SpringHibernateJpaPersistenceProvider.java:75) ~[spring-orm-6.1.1.jar:6.1.1]
	at org.springframework.orm.jpa.LocalContainerEntityManagerFactoryBean.createNativeEntityManagerFactory(LocalContainerEntityManagerFactoryBean.java:376) ~[spring-orm-6.1.1.jar:6.1.1]
	at org.springframework.orm.jpa.AbstractEntityManagerFactoryBean.buildNativeEntityManagerFactory(AbstractEntityManagerFactoryBean.java:409) ~[spring-orm-6.1.1.jar:6.1.1]
	at org.springframework.orm.jpa.AbstractEntityManagerFactoryBean.afterPropertiesSet(AbstractEntityManagerFactoryBean.java:396) ~[spring-orm-6.1.1.jar:6.1.1]
	at org.springframework.orm.jpa.LocalContainerEntityManagerFactoryBean.afterPropertiesSet(LocalContainerEntityManagerFactoryBean.java:352) ~[spring-orm-6.1.1.jar:6.1.1]
	at org.springframework.beans.factory.support.AbstractAutowireCapableBeanFactory.invokeInitMethods(AbstractAutowireCapableBeanFactory.java:1822) ~[spring-beans-6.1.1.jar:6.1.1]
	at org.springframework.beans.factory.support.AbstractAutowireCapableBeanFactory.initializeBean(AbstractAutowireCapableBeanFactory.java:1771) ~[spring-beans-6.1.1.jar:6.1.1]
	at org.springframework.beans.factory.support.AbstractAutowireCapableBeanFactory.doCreateBean(AbstractAutowireCapableBeanFactory.java:601) ~[spring-beans-6.1.1.jar:6.1.1]
	at org.springframework.beans.factory.support.AbstractAutowireCapableBeanFactory.createBean(AbstractAutowireCapableBeanFactory.java:523) ~[spring-beans-6.1.1.jar:6.1.1]
	at org.springframework.beans.factory.support.AbstractBeanFactory.lambda$doGetBean$0(AbstractBeanFactory.java:325) ~[spring-beans-6.1.1.jar:6.1.1]
	at org.springframework.beans.factory.support.DefaultSingletonBeanRegistry.getSingleton(DefaultSingletonBeanRegistry.java:234) ~[spring-beans-6.1.1.jar:6.1.1]
	at org.springframework.beans.factory.support.AbstractBeanFactory.doGetBean(AbstractBeanFactory.java:323) ~[spring-beans-6.1.1.jar:6.1.1]
	at org.springframework.beans.factory.support.AbstractBeanFactory.getBean(AbstractBeanFactory.java:199) ~[spring-beans-6.1.1.jar:6.1.1]
	at org.springframework.context.support.AbstractApplicationContext.getBean(AbstractApplicationContext.java:1173) ~[spring-context-6.1.1.jar:6.1.1]
	at org.springframework.context.support.AbstractApplicationContext.finishBeanFactoryInitialization(AbstractApplicationContext.java:936) ~[spring-context-6.1.1.jar:6.1.1]
	at org.springframework.context.support.AbstractApplicationContext.refresh(AbstractApplicationContext.java:616) ~[spring-context-6.1.1.jar:6.1.1]
	at org.springframework.boot.web.servlet.context.ServletWebServerApplicationContext.refresh(ServletWebServerApplicationContext.java:146) ~[spring-boot-3.2.0.jar:3.2.0]
	at org.springframework.boot.SpringApplication.refresh(SpringApplication.java:753) ~[spring-boot-3.2.0.jar:3.2.0]
	at org.springframework.boot.SpringApplication.refreshContext(SpringApplication.java:455) ~[spring-boot-3.2.0.jar:3.2.0]
	at org.springframework.boot.SpringApplication.run(SpringApplication.java:323) ~[spring-boot-3.2.0.jar:3.2.0]
	at org.springframework.boot.SpringApplication.run(SpringApplication.java:1342) ~[spring-boot-3.2.0.jar:3.2.0]
	at org.springframework.boot.SpringApplication.run(SpringApplication.java:1331) ~[spring-boot-3.2.0.jar:3.2.0]
	at cl.pymetrack.msuser.MsUserApplication.main(MsUserApplication.java:15) ~[classes/:na]
Caused by: com.mysql.cj.jdbc.exceptions.MysqlDataTruncation: Data truncation: Incorrect datetime value: '0000-00-00 00:00:00' for column 'creado_en' at row 1
	at com.mysql.cj.jdbc.exceptions.SQLExceptionsMapping.translateException(SQLExceptionsMapping.java:104) ~[mysql-connector-j-8.1.0.jar:8.1.0]
	at com.mysql.cj.jdbc.StatementImpl.executeInternal(StatementImpl.java:763) ~[mysql-connector-j-8.1.0.jar:8.1.0]
	at com.mysql.cj.jdbc.StatementImpl.execute(StatementImpl.java:648) ~[mysql-connector-j-8.1.0.jar:8.1.0]
	at com.zaxxer.hikari.pool.ProxyStatement.execute(ProxyStatement.java:94) ~[HikariCP-5.0.1.jar:na]
	at com.zaxxer.hikari.pool.HikariProxyStatement.execute(HikariProxyStatement.java) ~[HikariCP-5.0.1.jar:na]
	at org.hibernate.tool.schema.internal.exec.GenerationTargetToDatabase.accept(GenerationTargetToDatabase.java:80) ~[hibernate-core-6.3.1.Final.jar:6.3.1.Final]
	... 38 common frames omitted

2026-05-04T23:41:12.516-04:00  INFO 11356 --- [ms-user] [           main] j.LocalContainerEntityManagerFactoryBean : Initialized JPA EntityManagerFactory for persistence unit 'default'
WARNING: A terminally deprecated method in sun.misc.Unsafe has been called
WARNING: sun.misc.Unsafe::objectFieldOffset has been called by io.netty.util.internal.PlatformDependent0$4 (file:/Users/alvaro/.m2/repository/io/netty/netty-common/4.1.101.Final/netty-common-4.1.101.Final.jar)
WARNING: Please consider reporting this to the maintainers of class io.netty.util.internal.PlatformDependent0$4
WARNING: sun.misc.Unsafe::objectFieldOffset will be removed in a future release
2026-05-04T23:41:12.732-04:00  INFO 11356 --- [ms-user] [           main] o.s.d.j.r.query.QueryEnhancerFactory     : Hibernate is in classpath; If applicable, HQL parser will be used.
2026-05-04T23:41:13.185-04:00  INFO 11356 --- [ms-user] [           main] o.s.b.w.embedded.tomcat.TomcatWebServer  : Tomcat started on port 8085 (http) with context path ''
2026-05-04T23:41:13.189-04:00  INFO 11356 --- [ms-user] [           main] cl.pymetrack.msuser.MsUserApplication    : Started MsUserApplication in 2.08 seconds (process running for 2.217)
2026-05-04T23:42:19.915-04:00  INFO 11356 --- [ms-user] [nio-8085-exec-1] o.a.c.c.C.[Tomcat].[localhost].[/]       : Initializing Spring DispatcherServlet 'dispatcherServlet'
2026-05-04T23:42:19.916-04:00  INFO 11356 --- [ms-user] [nio-8085-exec-1] o.s.web.servlet.DispatcherServlet        : Initializing Servlet 'dispatcherServlet'
2026-05-04T23:42:19.917-04:00  INFO 11356 --- [ms-user] [nio-8085-exec-1] o.s.web.servlet.DispatcherServlet        : Completed initialization in 1 ms
2026-05-04T23:42:20.013-04:00 ERROR 11356 --- [ms-user] [nio-8085-exec-1] c.p.msuser.controller.AuthController     : Error interno del servidor

org.springframework.web.bind.MethodArgumentNotValidException: Validation failed for argument [0] in public org.springframework.http.ResponseEntity<cl.pymetrack.msuser.model.User> cl.pymetrack.msuser.controller.AuthController.register(cl.pymetrack.msuser.model.User): [Field error in object 'user' on field 'password': rejected value [admin123]; codes [Size.user.password,Size.password,Size.java.lang.String,Size]; arguments [org.springframework.context.support.DefaultMessageSourceResolvable: codes [user.password,password]; arguments []; default message [password],60,60]; default message [el tamaño debe estar entre 60 y 60]] 
	at org.springframework.web.servlet.mvc.method.annotation.RequestResponseBodyMethodProcessor.resolveArgument(RequestResponseBodyMethodProcessor.java:143) ~[spring-webmvc-6.1.1.jar:6.1.1]
	at org.springframework.web.method.support.HandlerMethodArgumentResolverComposite.resolveArgument(HandlerMethodArgumentResolverComposite.java:122) ~[spring-web-6.1.1.jar:6.1.1]
	at org.springframework.web.method.support.InvocableHandlerMethod.getMethodArgumentValues(InvocableHandlerMethod.java:218) ~[spring-web-6.1.1.jar:6.1.1]
	at org.springframework.web.method.support.InvocableHandlerMethod.invokeForRequest(InvocableHandlerMethod.java:171) ~[spring-web-6.1.1.jar:6.1.1]
	at org.springframework.web.servlet.mvc.method.annotation.ServletInvocableHandlerMethod.invokeAndHandle(ServletInvocableHandlerMethod.java:118) ~[spring-webmvc-6.1.1.jar:6.1.1]
	at org.springframework.web.servlet.mvc.method.annotation.RequestMappingHandlerAdapter.invokeHandlerMethod(RequestMappingHandlerAdapter.java:917) ~[spring-webmvc-6.1.1.jar:6.1.1]
	at org.springframework.web.servlet.mvc.method.annotation.RequestMappingHandlerAdapter.handleInternal(RequestMappingHandlerAdapter.java:829) ~[spring-webmvc-6.1.1.jar:6.1.1]
	at org.springframework.web.servlet.mvc.method.AbstractHandlerMethodAdapter.handle(AbstractHandlerMethodAdapter.java:87) ~[spring-webmvc-6.1.1.jar:6.1.1]
	at org.springframework.web.servlet.DispatcherServlet.doDispatch(DispatcherServlet.java:1089) ~[spring-webmvc-6.1.1.jar:6.1.1]
	at org.springframework.web.servlet.DispatcherServlet.doService(DispatcherServlet.java:979) ~[spring-webmvc-6.1.1.jar:6.1.1]
	at org.springframework.web.servlet.FrameworkServlet.processRequest(FrameworkServlet.java:1014) ~[spring-webmvc-6.1.1.jar:6.1.1]
	at org.springframework.web.servlet.FrameworkServlet.doPost(FrameworkServlet.java:914) ~[spring-webmvc-6.1.1.jar:6.1.1]
	at jakarta.servlet.http.HttpServlet.service(HttpServlet.java:590) ~[tomcat-embed-core-10.1.16.jar:6.0]
	at org.springframework.web.servlet.FrameworkServlet.service(FrameworkServlet.java:885) ~[spring-webmvc-6.1.1.jar:6.1.1]
	at jakarta.servlet.http.HttpServlet.service(HttpServlet.java:658) ~[tomcat-embed-core-10.1.16.jar:6.0]
	at org.apache.catalina.core.ApplicationFilterChain.internalDoFilter(ApplicationFilterChain.java:205) ~[tomcat-embed-core-10.1.16.jar:10.1.16]
	at org.apache.catalina.core.ApplicationFilterChain.doFilter(ApplicationFilterChain.java:149) ~[tomcat-embed-core-10.1.16.jar:10.1.16]
	at org.apache.tomcat.websocket.server.WsFilter.doFilter(WsFilter.java:51) ~[tomcat-embed-websocket-10.1.16.jar:10.1.16]
	at org.apache.catalina.core.ApplicationFilterChain.internalDoFilter(ApplicationFilterChain.java:174) ~[tomcat-embed-core-10.1.16.jar:10.1.16]
	at org.apache.catalina.core.ApplicationFilterChain.doFilter(ApplicationFilterChain.java:149) ~[tomcat-embed-core-10.1.16.jar:10.1.16]
	at org.springframework.web.filter.CorsFilter.doFilterInternal(CorsFilter.java:91) ~[spring-web-6.1.1.jar:6.1.1]
	at org.springframework.web.filter.OncePerRequestFilter.doFilter(OncePerRequestFilter.java:116) ~[spring-web-6.1.1.jar:6.1.1]
	at org.apache.catalina.core.ApplicationFilterChain.internalDoFilter(ApplicationFilterChain.java:174) ~[tomcat-embed-core-10.1.16.jar:10.1.16]
	at org.apache.catalina.core.ApplicationFilterChain.doFilter(ApplicationFilterChain.java:149) ~[tomcat-embed-core-10.1.16.jar:10.1.16]
	at org.springframework.web.filter.RequestContextFilter.doFilterInternal(RequestContextFilter.java:100) ~[spring-web-6.1.1.jar:6.1.1]
	at org.springframework.web.filter.OncePerRequestFilter.doFilter(OncePerRequestFilter.java:116) ~[spring-web-6.1.1.jar:6.1.1]
	at org.apache.catalina.core.ApplicationFilterChain.internalDoFilter(ApplicationFilterChain.java:174) ~[tomcat-embed-core-10.1.16.jar:10.1.16]
	at org.apache.catalina.core.ApplicationFilterChain.doFilter(ApplicationFilterChain.java:149) ~[tomcat-embed-core-10.1.16.jar:10.1.16]
	at org.springframework.web.filter.FormContentFilter.doFilterInternal(FormContentFilter.java:93) ~[spring-web-6.1.1.jar:6.1.1]
	at org.springframework.web.filter.OncePerRequestFilter.doFilter(OncePerRequestFilter.java:116) ~[spring-web-6.1.1.jar:6.1.1]
	at org.apache.catalina.core.ApplicationFilterChain.internalDoFilter(ApplicationFilterChain.java:174) ~[tomcat-embed-core-10.1.16.jar:10.1.16]
	at org.apache.catalina.core.ApplicationFilterChain.doFilter(ApplicationFilterChain.java:149) ~[tomcat-embed-core-10.1.16.jar:10.1.16]
	at org.springframework.web.filter.CharacterEncodingFilter.doFilterInternal(CharacterEncodingFilter.java:201) ~[spring-web-6.1.1.jar:6.1.1]
	at org.springframework.web.filter.OncePerRequestFilter.doFilter(OncePerRequestFilter.java:116) ~[spring-web-6.1.1.jar:6.1.1]
	at org.apache.catalina.core.ApplicationFilterChain.internalDoFilter(ApplicationFilterChain.java:174) ~[tomcat-embed-core-10.1.16.jar:10.1.16]
	at org.apache.catalina.core.ApplicationFilterChain.doFilter(ApplicationFilterChain.java:149) ~[tomcat-embed-core-10.1.16.jar:10.1.16]
	at org.apache.catalina.core.StandardWrapperValve.invoke(StandardWrapperValve.java:167) ~[tomcat-embed-core-10.1.16.jar:10.1.16]
	at org.apache.catalina.core.StandardContextValve.invoke(StandardContextValve.java:90) ~[tomcat-embed-core-10.1.16.jar:10.1.16]
	at org.apache.catalina.authenticator.AuthenticatorBase.invoke(AuthenticatorBase.java:482) ~[tomcat-embed-core-10.1.16.jar:10.1.16]
	at org.apache.catalina.core.StandardHostValve.invoke(StandardHostValve.java:115) ~[tomcat-embed-core-10.1.16.jar:10.1.16]
	at org.apache.catalina.valves.ErrorReportValve.invoke(ErrorReportValve.java:93) ~[tomcat-embed-core-10.1.16.jar:10.1.16]
	at org.apache.catalina.core.StandardEngineValve.invoke(StandardEngineValve.java:74) ~[tomcat-embed-core-10.1.16.jar:10.1.16]
	at org.apache.catalina.connector.CoyoteAdapter.service(CoyoteAdapter.java:340) ~[tomcat-embed-core-10.1.16.jar:10.1.16]
	at org.apache.coyote.http11.Http11Processor.service(Http11Processor.java:391) ~[tomcat-embed-core-10.1.16.jar:10.1.16]
	at org.apache.coyote.AbstractProcessorLight.process(AbstractProcessorLight.java:63) ~[tomcat-embed-core-10.1.16.jar:10.1.16]
	at org.apache.coyote.AbstractProtocol$ConnectionHandler.process(AbstractProtocol.java:896) ~[tomcat-embed-core-10.1.16.jar:10.1.16]
	at org.apache.tomcat.util.net.NioEndpoint$SocketProcessor.doRun(NioEndpoint.java:1744) ~[tomcat-embed-core-10.1.16.jar:10.1.16]
	at org.apache.tomcat.util.net.SocketProcessorBase.run(SocketProcessorBase.java:52) ~[tomcat-embed-core-10.1.16.jar:10.1.16]
	at org.apache.tomcat.util.threads.ThreadPoolExecutor.runWorker(ThreadPoolExecutor.java:1191) ~[tomcat-embed-core-10.1.16.jar:10.1.16]
	at org.apache.tomcat.util.threads.ThreadPoolExecutor$Worker.run(ThreadPoolExecutor.java:659) ~[tomcat-embed-core-10.1.16.jar:10.1.16]
	at org.apache.tomcat.util.threads.TaskThread$WrappingRunnable.run(TaskThread.java:61) ~[tomcat-embed-core-10.1.16.jar:10.1.16]
	at java.base/java.lang.Thread.run(Thread.java:1474) ~[na:na]

2026-05-04T23:42:25.620-04:00 ERROR 11356 --- [ms-user] [nio-8085-exec-2] c.p.msuser.controller.AuthController     : Error interno del servidor

org.springframework.web.bind.MethodArgumentNotValidException: Validation failed for argument [0] in public org.springframework.http.ResponseEntity<cl.pymetrack.msuser.model.User> cl.pymetrack.msuser.controller.AuthController.register(cl.pymetrack.msuser.model.User): [Field error in object 'user' on field 'password': rejected value [admin123]; codes [Size.user.password,Size.password,Size.java.lang.String,Size]; arguments [org.springframework.context.support.DefaultMessageSourceResolvable: codes [user.password,password]; arguments []; default message [password],60,60]; default message [el tamaño debe estar entre 60 y 60]] 
	at org.springframework.web.servlet.mvc.method.annotation.RequestResponseBodyMethodProcessor.resolveArgument(RequestResponseBodyMethodProcessor.java:143) ~[spring-webmvc-6.1.1.jar:6.1.1]
	at org.springframework.web.method.support.HandlerMethodArgumentResolverComposite.resolveArgument(HandlerMethodArgumentResolverComposite.java:122) ~[spring-web-6.1.1.jar:6.1.1]
	at org.springframework.web.method.support.InvocableHandlerMethod.getMethodArgumentValues(InvocableHandlerMethod.java:218) ~[spring-web-6.1.1.jar:6.1.1]
	at org.springframework.web.method.support.InvocableHandlerMethod.invokeForRequest(InvocableHandlerMethod.java:171) ~[spring-web-6.1.1.jar:6.1.1]
	at org.springframework.web.servlet.mvc.method.annotation.ServletInvocableHandlerMethod.invokeAndHandle(ServletInvocableHandlerMethod.java:118) ~[spring-webmvc-6.1.1.jar:6.1.1]
	at org.springframework.web.servlet.mvc.method.annotation.RequestMappingHandlerAdapter.invokeHandlerMethod(RequestMappingHandlerAdapter.java:917) ~[spring-webmvc-6.1.1.jar:6.1.1]
	at org.springframework.web.servlet.mvc.method.annotation.RequestMappingHandlerAdapter.handleInternal(RequestMappingHandlerAdapter.java:829) ~[spring-webmvc-6.1.1.jar:6.1.1]
	at org.springframework.web.servlet.mvc.method.AbstractHandlerMethodAdapter.handle(AbstractHandlerMethodAdapter.java:87) ~[spring-webmvc-6.1.1.jar:6.1.1]
	at org.springframework.web.servlet.DispatcherServlet.doDispatch(DispatcherServlet.java:1089) ~[spring-webmvc-6.1.1.jar:6.1.1]
	at org.springframework.web.servlet.DispatcherServlet.doService(DispatcherServlet.java:979) ~[spring-webmvc-6.1.1.jar:6.1.1]
	at org.springframework.web.servlet.FrameworkServlet.processRequest(FrameworkServlet.java:1014) ~[spring-webmvc-6.1.1.jar:6.1.1]
	at org.springframework.web.servlet.FrameworkServlet.doPost(FrameworkServlet.java:914) ~[spring-webmvc-6.1.1.jar:6.1.1]
	at jakarta.servlet.http.HttpServlet.service(HttpServlet.java:590) ~[tomcat-embed-core-10.1.16.jar:6.0]
	at org.springframework.web.servlet.FrameworkServlet.service(FrameworkServlet.java:885) ~[spring-webmvc-6.1.1.jar:6.1.1]
	at jakarta.servlet.http.HttpServlet.service(HttpServlet.java:658) ~[tomcat-embed-core-10.1.16.jar:6.0]
	at org.apache.catalina.core.ApplicationFilterChain.internalDoFilter(ApplicationFilterChain.java:205) ~[tomcat-embed-core-10.1.16.jar:10.1.16]
	at org.apache.catalina.core.ApplicationFilterChain.doFilter(ApplicationFilterChain.java:149) ~[tomcat-embed-core-10.1.16.jar:10.1.16]
	at org.apache.tomcat.websocket.server.WsFilter.doFilter(WsFilter.java:51) ~[tomcat-embed-websocket-10.1.16.jar:10.1.16]
	at org.apache.catalina.core.ApplicationFilterChain.internalDoFilter(ApplicationFilterChain.java:174) ~[tomcat-embed-core-10.1.16.jar:10.1.16]
	at org.apache.catalina.core.ApplicationFilterChain.doFilter(ApplicationFilterChain.java:149) ~[tomcat-embed-core-10.1.16.jar:10.1.16]
	at org.springframework.web.filter.CorsFilter.doFilterInternal(CorsFilter.java:91) ~[spring-web-6.1.1.jar:6.1.1]
	at org.springframework.web.filter.OncePerRequestFilter.doFilter(OncePerRequestFilter.java:116) ~[spring-web-6.1.1.jar:6.1.1]
	at org.apache.catalina.core.ApplicationFilterChain.internalDoFilter(ApplicationFilterChain.java:174) ~[tomcat-embed-core-10.1.16.jar:10.1.16]
	at org.apache.catalina.core.ApplicationFilterChain.doFilter(ApplicationFilterChain.java:149) ~[tomcat-embed-core-10.1.16.jar:10.1.16]
	at org.springframework.web.filter.RequestContextFilter.doFilterInternal(RequestContextFilter.java:100) ~[spring-web-6.1.1.jar:6.1.1]
	at org.springframework.web.filter.OncePerRequestFilter.doFilter(OncePerRequestFilter.java:116) ~[spring-web-6.1.1.jar:6.1.1]
	at org.apache.catalina.core.ApplicationFilterChain.internalDoFilter(ApplicationFilterChain.java:174) ~[tomcat-embed-core-10.1.16.jar:10.1.16]
	at org.apache.catalina.core.ApplicationFilterChain.doFilter(ApplicationFilterChain.java:149) ~[tomcat-embed-core-10.1.16.jar:10.1.16]
	at org.springframework.web.filter.FormContentFilter.doFilterInternal(FormContentFilter.java:93) ~[spring-web-6.1.1.jar:6.1.1]
	at org.springframework.web.filter.OncePerRequestFilter.doFilter(OncePerRequestFilter.java:116) ~[spring-web-6.1.1.jar:6.1.1]
	at org.apache.catalina.core.ApplicationFilterChain.internalDoFilter(ApplicationFilterChain.java:174) ~[tomcat-embed-core-10.1.16.jar:10.1.16]
	at org.apache.catalina.core.ApplicationFilterChain.doFilter(ApplicationFilterChain.java:149) ~[tomcat-embed-core-10.1.16.jar:10.1.16]
	at org.springframework.web.filter.CharacterEncodingFilter.doFilterInternal(CharacterEncodingFilter.java:201) ~[spring-web-6.1.1.jar:6.1.1]
	at org.springframework.web.filter.OncePerRequestFilter.doFilter(OncePerRequestFilter.java:116) ~[spring-web-6.1.1.jar:6.1.1]
	at org.apache.catalina.core.ApplicationFilterChain.internalDoFilter(ApplicationFilterChain.java:174) ~[tomcat-embed-core-10.1.16.jar:10.1.16]
	at org.apache.catalina.core.ApplicationFilterChain.doFilter(ApplicationFilterChain.java:149) ~[tomcat-embed-core-10.1.16.jar:10.1.16]
	at org.apache.catalina.core.StandardWrapperValve.invoke(StandardWrapperValve.java:167) ~[tomcat-embed-core-10.1.16.jar:10.1.16]
	at org.apache.catalina.core.StandardContextValve.invoke(StandardContextValve.java:90) ~[tomcat-embed-core-10.1.16.jar:10.1.16]
	at org.apache.catalina.authenticator.AuthenticatorBase.invoke(AuthenticatorBase.java:482) ~[tomcat-embed-core-10.1.16.jar:10.1.16]
	at org.apache.catalina.core.StandardHostValve.invoke(StandardHostValve.java:115) ~[tomcat-embed-core-10.1.16.jar:10.1.16]
	at org.apache.catalina.valves.ErrorReportValve.invoke(ErrorReportValve.java:93) ~[tomcat-embed-core-10.1.16.jar:10.1.16]
	at org.apache.catalina.core.StandardEngineValve.invoke(StandardEngineValve.java:74) ~[tomcat-embed-core-10.1.16.jar:10.1.16]
	at org.apache.catalina.connector.CoyoteAdapter.service(CoyoteAdapter.java:340) ~[tomcat-embed-core-10.1.16.jar:10.1.16]
	at org.apache.coyote.http11.Http11Processor.service(Http11Processor.java:391) ~[tomcat-embed-core-10.1.16.jar:10.1.16]
	at org.apache.coyote.AbstractProcessorLight.process(AbstractProcessorLight.java:63) ~[tomcat-embed-core-10.1.16.jar:10.1.16]
	at org.apache.coyote.AbstractProtocol$ConnectionHandler.process(AbstractProtocol.java:896) ~[tomcat-embed-core-10.1.16.jar:10.1.16]
	at org.apache.tomcat.util.net.NioEndpoint$SocketProcessor.doRun(NioEndpoint.java:1744) ~[tomcat-embed-core-10.1.16.jar:10.1.16]
	at org.apache.tomcat.util.net.SocketProcessorBase.run(SocketProcessorBase.java:52) ~[tomcat-embed-core-10.1.16.jar:10.1.16]
	at org.apache.tomcat.util.threads.ThreadPoolExecutor.runWorker(ThreadPoolExecutor.java:1191) ~[tomcat-embed-core-10.1.16.jar:10.1.16]
	at org.apache.tomcat.util.threads.ThreadPoolExecutor$Worker.run(ThreadPoolExecutor.java:659) ~[tomcat-embed-core-10.1.16.jar:10.1.16]
	at org.apache.tomcat.util.threads.TaskThread$WrappingRunnable.run(TaskThread.java:61) ~[tomcat-embed-core-10.1.16.jar:10.1.16]
	at java.base/java.lang.Thread.run(Thread.java:1474) ~[na:na]

2026-05-04T23:42:31.112-04:00 ERROR 11356 --- [ms-user] [nio-8085-exec-3] c.p.msuser.controller.AuthController     : Error interno del servidor

org.springframework.web.bind.MethodArgumentNotValidException: Validation failed for argument [0] in public org.springframework.http.ResponseEntity<cl.pymetrack.msuser.model.User> cl.pymetrack.msuser.controller.AuthController.register(cl.pymetrack.msuser.model.User): [Field error in object 'user' on field 'password': rejected value [password]; codes [Size.user.password,Size.password,Size.java.lang.String,Size]; arguments [org.springframework.context.support.DefaultMessageSourceResolvable: codes [user.password,password]; arguments []; default message [password],60,60]; default message [el tamaño debe estar entre 60 y 60]] 
	at org.springframework.web.servlet.mvc.method.annotation.RequestResponseBodyMethodProcessor.resolveArgument(RequestResponseBodyMethodProcessor.java:143) ~[spring-webmvc-6.1.1.jar:6.1.1]
	at org.springframework.web.method.support.HandlerMethodArgumentResolverComposite.resolveArgument(HandlerMethodArgumentResolverComposite.java:122) ~[spring-web-6.1.1.jar:6.1.1]
	at org.springframework.web.method.support.InvocableHandlerMethod.getMethodArgumentValues(InvocableHandlerMethod.java:218) ~[spring-web-6.1.1.jar:6.1.1]
	at org.springframework.web.method.support.InvocableHandlerMethod.invokeForRequest(InvocableHandlerMethod.java:171) ~[spring-web-6.1.1.jar:6.1.1]
	at org.springframework.web.servlet.mvc.method.annotation.ServletInvocableHandlerMethod.invokeAndHandle(ServletInvocableHandlerMethod.java:118) ~[spring-webmvc-6.1.1.jar:6.1.1]
	at org.springframework.web.servlet.mvc.method.annotation.RequestMappingHandlerAdapter.invokeHandlerMethod(RequestMappingHandlerAdapter.java:917) ~[spring-webmvc-6.1.1.jar:6.1.1]
	at org.springframework.web.servlet.mvc.method.annotation.RequestMappingHandlerAdapter.handleInternal(RequestMappingHandlerAdapter.java:829) ~[spring-webmvc-6.1.1.jar:6.1.1]
	at org.springframework.web.servlet.mvc.method.AbstractHandlerMethodAdapter.handle(AbstractHandlerMethodAdapter.java:87) ~[spring-webmvc-6.1.1.jar:6.1.1]
	at org.springframework.web.servlet.DispatcherServlet.doDispatch(DispatcherServlet.java:1089) ~[spring-webmvc-6.1.1.jar:6.1.1]
	at org.springframework.web.servlet.DispatcherServlet.doService(DispatcherServlet.java:979) ~[spring-webmvc-6.1.1.jar:6.1.1]
	at org.springframework.web.servlet.FrameworkServlet.processRequest(FrameworkServlet.java:1014) ~[spring-webmvc-6.1.1.jar:6.1.1]
	at org.springframework.web.servlet.FrameworkServlet.doPost(FrameworkServlet.java:914) ~[spring-webmvc-6.1.1.jar:6.1.1]
	at jakarta.servlet.http.HttpServlet.service(HttpServlet.java:590) ~[tomcat-embed-core-10.1.16.jar:6.0]
	at org.springframework.web.servlet.FrameworkServlet.service(FrameworkServlet.java:885) ~[spring-webmvc-6.1.1.jar:6.1.1]
	at jakarta.servlet.http.HttpServlet.service(HttpServlet.java:658) ~[tomcat-embed-core-10.1.16.jar:6.0]
	at org.apache.catalina.core.ApplicationFilterChain.internalDoFilter(ApplicationFilterChain.java:205) ~[tomcat-embed-core-10.1.16.jar:10.1.16]
	at org.apache.catalina.core.ApplicationFilterChain.doFilter(ApplicationFilterChain.java:149) ~[tomcat-embed-core-10.1.16.jar:10.1.16]
	at org.apache.tomcat.websocket.server.WsFilter.doFilter(WsFilter.java:51) ~[tomcat-embed-websocket-10.1.16.jar:10.1.16]
	at org.apache.catalina.core.ApplicationFilterChain.internalDoFilter(ApplicationFilterChain.java:174) ~[tomcat-embed-core-10.1.16.jar:10.1.16]
	at org.apache.catalina.core.ApplicationFilterChain.doFilter(ApplicationFilterChain.java:149) ~[tomcat-embed-core-10.1.16.jar:10.1.16]
	at org.springframework.web.filter.CorsFilter.doFilterInternal(CorsFilter.java:91) ~[spring-web-6.1.1.jar:6.1.1]
	at org.springframework.web.filter.OncePerRequestFilter.doFilter(OncePerRequestFilter.java:116) ~[spring-web-6.1.1.jar:6.1.1]
	at org.apache.catalina.core.ApplicationFilterChain.internalDoFilter(ApplicationFilterChain.java:174) ~[tomcat-embed-core-10.1.16.jar:10.1.16]
	at org.apache.catalina.core.ApplicationFilterChain.doFilter(ApplicationFilterChain.java:149) ~[tomcat-embed-core-10.1.16.jar:10.1.16]
	at org.springframework.web.filter.RequestContextFilter.doFilterInternal(RequestContextFilter.java:100) ~[spring-web-6.1.1.jar:6.1.1]
	at org.springframework.web.filter.OncePerRequestFilter.doFilter(OncePerRequestFilter.java:116) ~[spring-web-6.1.1.jar:6.1.1]
	at org.apache.catalina.core.ApplicationFilterChain.internalDoFilter(ApplicationFilterChain.java:174) ~[tomcat-embed-core-10.1.16.jar:10.1.16]
	at org.apache.catalina.core.ApplicationFilterChain.doFilter(ApplicationFilterChain.java:149) ~[tomcat-embed-core-10.1.16.jar:10.1.16]
	at org.springframework.web.filter.FormContentFilter.doFilterInternal(FormContentFilter.java:93) ~[spring-web-6.1.1.jar:6.1.1]
	at org.springframework.web.filter.OncePerRequestFilter.doFilter(OncePerRequestFilter.java:116) ~[spring-web-6.1.1.jar:6.1.1]
	at org.apache.catalina.core.ApplicationFilterChain.internalDoFilter(ApplicationFilterChain.java:174) ~[tomcat-embed-core-10.1.16.jar:10.1.16]
	at org.apache.catalina.core.ApplicationFilterChain.doFilter(ApplicationFilterChain.java:149) ~[tomcat-embed-core-10.1.16.jar:10.1.16]
	at org.springframework.web.filter.CharacterEncodingFilter.doFilterInternal(CharacterEncodingFilter.java:201) ~[spring-web-6.1.1.jar:6.1.1]
	at org.springframework.web.filter.OncePerRequestFilter.doFilter(OncePerRequestFilter.java:116) ~[spring-web-6.1.1.jar:6.1.1]
	at org.apache.catalina.core.ApplicationFilterChain.internalDoFilter(ApplicationFilterChain.java:174) ~[tomcat-embed-core-10.1.16.jar:10.1.16]
	at org.apache.catalina.core.ApplicationFilterChain.doFilter(ApplicationFilterChain.java:149) ~[tomcat-embed-core-10.1.16.jar:10.1.16]
	at org.apache.catalina.core.StandardWrapperValve.invoke(StandardWrapperValve.java:167) ~[tomcat-embed-core-10.1.16.jar:10.1.16]
	at org.apache.catalina.core.StandardContextValve.invoke(StandardContextValve.java:90) ~[tomcat-embed-core-10.1.16.jar:10.1.16]
	at org.apache.catalina.authenticator.AuthenticatorBase.invoke(AuthenticatorBase.java:482) ~[tomcat-embed-core-10.1.16.jar:10.1.16]
	at org.apache.catalina.core.StandardHostValve.invoke(StandardHostValve.java:115) ~[tomcat-embed-core-10.1.16.jar:10.1.16]
	at org.apache.catalina.valves.ErrorReportValve.invoke(ErrorReportValve.java:93) ~[tomcat-embed-core-10.1.16.jar:10.1.16]
	at org.apache.catalina.core.StandardEngineValve.invoke(StandardEngineValve.java:74) ~[tomcat-embed-core-10.1.16.jar:10.1.16]
	at org.apache.catalina.connector.CoyoteAdapter.service(CoyoteAdapter.java:340) ~[tomcat-embed-core-10.1.16.jar:10.1.16]
	at org.apache.coyote.http11.Http11Processor.service(Http11Processor.java:391) ~[tomcat-embed-core-10.1.16.jar:10.1.16]
	at org.apache.coyote.AbstractProcessorLight.process(AbstractProcessorLight.java:63) ~[tomcat-embed-core-10.1.16.jar:10.1.16]
	at org.apache.coyote.AbstractProtocol$ConnectionHandler.process(AbstractProtocol.java:896) ~[tomcat-embed-core-10.1.16.jar:10.1.16]
	at org.apache.tomcat.util.net.NioEndpoint$SocketProcessor.doRun(NioEndpoint.java:1744) ~[tomcat-embed-core-10.1.16.jar:10.1.16]
	at org.apache.tomcat.util.net.SocketProcessorBase.run(SocketProcessorBase.java:52) ~[tomcat-embed-core-10.1.16.jar:10.1.16]
	at org.apache.tomcat.util.threads.ThreadPoolExecutor.runWorker(ThreadPoolExecutor.java:1191) ~[tomcat-embed-core-10.1.16.jar:10.1.16]
	at org.apache.tomcat.util.threads.ThreadPoolExecutor$Worker.run(ThreadPoolExecutor.java:659) ~[tomcat-embed-core-10.1.16.jar:10.1.16]
	at org.apache.tomcat.util.threads.TaskThread$WrappingRunnable.run(TaskThread.java:61) ~[tomcat-embed-core-10.1.16.jar:10.1.16]
	at java.base/java.lang.Thread.run(Thread.java:1474) ~[na:na]

2026-05-04T23:42:38.626-04:00  INFO 11356 --- [ms-user] [nio-8085-exec-4] c.p.msuser.controller.AuthController     : Petición de login para email: admin@test.com
2026-05-04T23:42:38.627-04:00  INFO 11356 --- [ms-user] [nio-8085-exec-4] c.pymetrack.msuser.service.AuthService   : Intento de login para email: admin@test.com
Hibernate: 
    select
        u1_0.id,
        u1_0.activo,
        u1_0.actualizado_en,
        u1_0.apellido,
        u1_0.creado_en,
        u1_0.email,
        u1_0.nombre,
        u1_0.password,
        u1_0.pyme_id,
        u1_0.rol 
    from
        usuarios u1_0 
    where
        u1_0.email=? 
        and u1_0.activo=1
2026-05-04T23:42:38.802-04:00  WARN 11356 --- [ms-user] [nio-8085-exec-4] c.pymetrack.msuser.service.AuthService   : Usuario no encontrado con email: admin@test.com
2026-05-04T23:42:38.802-04:00  WARN 11356 --- [ms-user] [nio-8085-exec-4] c.p.msuser.controller.AuthController     : Credenciales inválidas: Credenciales inválidas
2026-05-04T23:42:45.606-04:00 ERROR 11356 --- [ms-user] [nio-8085-exec-6] c.p.msuser.controller.AuthController     : Error interno del servidor

org.springframework.web.bind.MethodArgumentNotValidException: Validation failed for argument [0] in public org.springframework.http.ResponseEntity<cl.pymetrack.msuser.dto.LoginResponse> cl.pymetrack.msuser.controller.AuthController.login(cl.pymetrack.msuser.dto.LoginRequest): [Field error in object 'loginRequest' on field 'password': rejected value [admin]; codes [Size.loginRequest.password,Size.password,Size.java.lang.String,Size]; arguments [org.springframework.context.support.DefaultMessageSourceResolvable: codes [loginRequest.password,password]; arguments []; default message [password],2147483647,6]; default message [La contraseña debe tener al menos 6 caracteres]] 
	at org.springframework.web.servlet.mvc.method.annotation.RequestResponseBodyMethodProcessor.resolveArgument(RequestResponseBodyMethodProcessor.java:143) ~[spring-webmvc-6.1.1.jar:6.1.1]
	at org.springframework.web.method.support.HandlerMethodArgumentResolverComposite.resolveArgument(HandlerMethodArgumentResolverComposite.java:122) ~[spring-web-6.1.1.jar:6.1.1]
	at org.springframework.web.method.support.InvocableHandlerMethod.getMethodArgumentValues(InvocableHandlerMethod.java:218) ~[spring-web-6.1.1.jar:6.1.1]
	at org.springframework.web.method.support.InvocableHandlerMethod.invokeForRequest(InvocableHandlerMethod.java:171) ~[spring-web-6.1.1.jar:6.1.1]
	at org.springframework.web.servlet.mvc.method.annotation.ServletInvocableHandlerMethod.invokeAndHandle(ServletInvocableHandlerMethod.java:118) ~[spring-webmvc-6.1.1.jar:6.1.1]
	at org.springframework.web.servlet.mvc.method.annotation.RequestMappingHandlerAdapter.invokeHandlerMethod(RequestMappingHandlerAdapter.java:917) ~[spring-webmvc-6.1.1.jar:6.1.1]
	at org.springframework.web.servlet.mvc.method.annotation.RequestMappingHandlerAdapter.handleInternal(RequestMappingHandlerAdapter.java:829) ~[spring-webmvc-6.1.1.jar:6.1.1]
	at org.springframework.web.servlet.mvc.method.AbstractHandlerMethodAdapter.handle(AbstractHandlerMethodAdapter.java:87) ~[spring-webmvc-6.1.1.jar:6.1.1]
	at org.springframework.web.servlet.DispatcherServlet.doDispatch(DispatcherServlet.java:1089) ~[spring-webmvc-6.1.1.jar:6.1.1]
	at org.springframework.web.servlet.DispatcherServlet.doService(DispatcherServlet.java:979) ~[spring-webmvc-6.1.1.jar:6.1.1]
	at org.springframework.web.servlet.FrameworkServlet.processRequest(FrameworkServlet.java:1014) ~[spring-webmvc-6.1.1.jar:6.1.1]
	at org.springframework.web.servlet.FrameworkServlet.doPost(FrameworkServlet.java:914) ~[spring-webmvc-6.1.1.jar:6.1.1]
	at jakarta.servlet.http.HttpServlet.service(HttpServlet.java:590) ~[tomcat-embed-core-10.1.16.jar:6.0]
	at org.springframework.web.servlet.FrameworkServlet.service(FrameworkServlet.java:885) ~[spring-webmvc-6.1.1.jar:6.1.1]
	at jakarta.servlet.http.HttpServlet.service(HttpServlet.java:658) ~[tomcat-embed-core-10.1.16.jar:6.0]
	at org.apache.catalina.core.ApplicationFilterChain.internalDoFilter(ApplicationFilterChain.java:205) ~[tomcat-embed-core-10.1.16.jar:10.1.16]
	at org.apache.catalina.core.ApplicationFilterChain.doFilter(ApplicationFilterChain.java:149) ~[tomcat-embed-core-10.1.16.jar:10.1.16]
	at org.apache.tomcat.websocket.server.WsFilter.doFilter(WsFilter.java:51) ~[tomcat-embed-websocket-10.1.16.jar:10.1.16]
	at org.apache.catalina.core.ApplicationFilterChain.internalDoFilter(ApplicationFilterChain.java:174) ~[tomcat-embed-core-10.1.16.jar:10.1.16]
	at org.apache.catalina.core.ApplicationFilterChain.doFilter(ApplicationFilterChain.java:149) ~[tomcat-embed-core-10.1.16.jar:10.1.16]
	at org.springframework.web.filter.CorsFilter.doFilterInternal(CorsFilter.java:91) ~[spring-web-6.1.1.jar:6.1.1]
	at org.springframework.web.filter.OncePerRequestFilter.doFilter(OncePerRequestFilter.java:116) ~[spring-web-6.1.1.jar:6.1.1]
	at org.apache.catalina.core.ApplicationFilterChain.internalDoFilter(ApplicationFilterChain.java:174) ~[tomcat-embed-core-10.1.16.jar:10.1.16]
	at org.apache.catalina.core.ApplicationFilterChain.doFilter(ApplicationFilterChain.java:149) ~[tomcat-embed-core-10.1.16.jar:10.1.16]
	at org.springframework.web.filter.RequestContextFilter.doFilterInternal(RequestContextFilter.java:100) ~[spring-web-6.1.1.jar:6.1.1]
	at org.springframework.web.filter.OncePerRequestFilter.doFilter(OncePerRequestFilter.java:116) ~[spring-web-6.1.1.jar:6.1.1]
	at org.apache.catalina.core.ApplicationFilterChain.internalDoFilter(ApplicationFilterChain.java:174) ~[tomcat-embed-core-10.1.16.jar:10.1.16]
	at org.apache.catalina.core.ApplicationFilterChain.doFilter(ApplicationFilterChain.java:149) ~[tomcat-embed-core-10.1.16.jar:10.1.16]
	at org.springframework.web.filter.FormContentFilter.doFilterInternal(FormContentFilter.java:93) ~[spring-web-6.1.1.jar:6.1.1]
	at org.springframework.web.filter.OncePerRequestFilter.doFilter(OncePerRequestFilter.java:116) ~[spring-web-6.1.1.jar:6.1.1]
	at org.apache.catalina.core.ApplicationFilterChain.internalDoFilter(ApplicationFilterChain.java:174) ~[tomcat-embed-core-10.1.16.jar:10.1.16]
	at org.apache.catalina.core.ApplicationFilterChain.doFilter(ApplicationFilterChain.java:149) ~[tomcat-embed-core-10.1.16.jar:10.1.16]
	at org.springframework.web.filter.CharacterEncodingFilter.doFilterInternal(CharacterEncodingFilter.java:201) ~[spring-web-6.1.1.jar:6.1.1]
	at org.springframework.web.filter.OncePerRequestFilter.doFilter(OncePerRequestFilter.java:116) ~[spring-web-6.1.1.jar:6.1.1]
	at org.apache.catalina.core.ApplicationFilterChain.internalDoFilter(ApplicationFilterChain.java:174) ~[tomcat-embed-core-10.1.16.jar:10.1.16]
	at org.apache.catalina.core.ApplicationFilterChain.doFilter(ApplicationFilterChain.java:149) ~[tomcat-embed-core-10.1.16.jar:10.1.16]
	at org.apache.catalina.core.StandardWrapperValve.invoke(StandardWrapperValve.java:167) ~[tomcat-embed-core-10.1.16.jar:10.1.16]
	at org.apache.catalina.core.StandardContextValve.invoke(StandardContextValve.java:90) ~[tomcat-embed-core-10.1.16.jar:10.1.16]
	at org.apache.catalina.authenticator.AuthenticatorBase.invoke(AuthenticatorBase.java:482) ~[tomcat-embed-core-10.1.16.jar:10.1.16]
	at org.apache.catalina.core.StandardHostValve.invoke(StandardHostValve.java:115) ~[tomcat-embed-core-10.1.16.jar:10.1.16]
	at org.apache.catalina.valves.ErrorReportValve.invoke(ErrorReportValve.java:93) ~[tomcat-embed-core-10.1.16.jar:10.1.16]
	at org.apache.catalina.core.StandardEngineValve.invoke(StandardEngineValve.java:74) ~[tomcat-embed-core-10.1.16.jar:10.1.16]
	at org.apache.catalina.connector.CoyoteAdapter.service(CoyoteAdapter.java:340) ~[tomcat-embed-core-10.1.16.jar:10.1.16]
	at org.apache.coyote.http11.Http11Processor.service(Http11Processor.java:391) ~[tomcat-embed-core-10.1.16.jar:10.1.16]
	at org.apache.coyote.AbstractProcessorLight.process(AbstractProcessorLight.java:63) ~[tomcat-embed-core-10.1.16.jar:10.1.16]
	at org.apache.coyote.AbstractProtocol$ConnectionHandler.process(AbstractProtocol.java:896) ~[tomcat-embed-core-10.1.16.jar:10.1.16]
	at org.apache.tomcat.util.net.NioEndpoint$SocketProcessor.doRun(NioEndpoint.java:1744) ~[tomcat-embed-core-10.1.16.jar:10.1.16]
	at org.apache.tomcat.util.net.SocketProcessorBase.run(SocketProcessorBase.java:52) ~[tomcat-embed-core-10.1.16.jar:10.1.16]
	at org.apache.tomcat.util.threads.ThreadPoolExecutor.runWorker(ThreadPoolExecutor.java:1191) ~[tomcat-embed-core-10.1.16.jar:10.1.16]
	at org.apache.tomcat.util.threads.ThreadPoolExecutor$Worker.run(ThreadPoolExecutor.java:659) ~[tomcat-embed-core-10.1.16.jar:10.1.16]
	at org.apache.tomcat.util.threads.TaskThread$WrappingRunnable.run(TaskThread.java:61) ~[tomcat-embed-core-10.1.16.jar:10.1.16]
	at java.base/java.lang.Thread.run(Thread.java:1474) ~[na:na]

2026-05-04T23:42:45.625-04:00  INFO 11356 --- [ms-user] [nio-8085-exec-7] c.p.msuser.controller.AuthController     : Petición de login para email: user@test.com
2026-05-04T23:42:45.626-04:00  INFO 11356 --- [ms-user] [nio-8085-exec-7] c.pymetrack.msuser.service.AuthService   : Intento de login para email: user@test.com
Hibernate: 
    select
        u1_0.id,
        u1_0.activo,
        u1_0.actualizado_en,
        u1_0.apellido,
        u1_0.creado_en,
        u1_0.email,
        u1_0.nombre,
        u1_0.password,
        u1_0.pyme_id,
        u1_0.rol 
    from
        usuarios u1_0 
    where
        u1_0.email=? 
        and u1_0.activo=1
2026-05-04T23:42:45.632-04:00  WARN 11356 --- [ms-user] [nio-8085-exec-7] c.pymetrack.msuser.service.AuthService   : Usuario no encontrado con email: user@test.com
2026-05-04T23:42:45.632-04:00  WARN 11356 --- [ms-user] [nio-8085-exec-7] c.p.msuser.controller.AuthController     : Credenciales inválidas: Credenciales inválidas
2026-05-04T23:43:25.697-04:00  INFO 11356 --- [ms-user] [io-8085-exec-10] c.p.msuser.controller.AuthController     : Petición de login para email: contacto@techstore.cl
2026-05-04T23:43:25.698-04:00  INFO 11356 --- [ms-user] [io-8085-exec-10] c.pymetrack.msuser.service.AuthService   : Intento de login para email: contacto@techstore.cl
Hibernate: 
    select
        u1_0.id,
        u1_0.activo,
        u1_0.actualizado_en,
        u1_0.apellido,
        u1_0.creado_en,
        u1_0.email,
        u1_0.nombre,
        u1_0.password,
        u1_0.pyme_id,
        u1_0.rol 
    from
        usuarios u1_0 
    where
        u1_0.email=? 
        and u1_0.activo=1
2026-05-04T23:43:25.721-04:00  WARN 11356 --- [ms-user] [io-8085-exec-10] c.pymetrack.msuser.service.AuthService   : Usuario no encontrado con email: contacto@techstore.cl
2026-05-04T23:43:25.722-04:00  WARN 11356 --- [ms-user] [io-8085-exec-10] c.p.msuser.controller.AuthController     : Credenciales inválidas: Credenciales inválidas
2026-05-04T23:43:56.038-04:00  INFO 11356 --- [ms-user] [nio-8085-exec-2] c.p.msuser.controller.AuthController     : Petición de login para email: contacto@techstore.cl
2026-05-04T23:43:56.038-04:00  INFO 11356 --- [ms-user] [nio-8085-exec-2] c.pymetrack.msuser.service.AuthService   : Intento de login para email: contacto@techstore.cl
Hibernate: 
    select
        u1_0.id,
        u1_0.activo,
        u1_0.actualizado_en,
        u1_0.apellido,
        u1_0.creado_en,
        u1_0.email,
        u1_0.nombre,
        u1_0.password,
        u1_0.pyme_id,
        u1_0.rol 
    from
        usuarios u1_0 
    where
        u1_0.email=? 
        and u1_0.activo=1
2026-05-04T23:43:56.044-04:00  WARN 11356 --- [ms-user] [nio-8085-exec-2] c.pymetrack.msuser.service.AuthService   : Usuario no encontrado con email: contacto@techstore.cl
2026-05-04T23:43:56.045-04:00  WARN 11356 --- [ms-user] [nio-8085-exec-2] c.p.msuser.controller.AuthController     : Credenciales inválidas: Credenciales inválidas
2026-05-04T23:44:14.025-04:00  INFO 11356 --- [ms-user] [nio-8085-exec-4] c.p.msuser.controller.AuthController     : Petición de login para email: contacto@techstore.cl
2026-05-04T23:44:14.026-04:00  INFO 11356 --- [ms-user] [nio-8085-exec-4] c.pymetrack.msuser.service.AuthService   : Intento de login para email: contacto@techstore.cl
Hibernate: 
    select
        u1_0.id,
        u1_0.activo,
        u1_0.actualizado_en,
        u1_0.apellido,
        u1_0.creado_en,
        u1_0.email,
        u1_0.nombre,
        u1_0.password,
        u1_0.pyme_id,
        u1_0.rol 
    from
        usuarios u1_0 
    where
        u1_0.email=? 
        and u1_0.activo=1
2026-05-04T23:44:14.042-04:00  WARN 11356 --- [ms-user] [nio-8085-exec-4] c.pymetrack.msuser.service.AuthService   : Usuario no encontrado con email: contacto@techstore.cl
2026-05-04T23:44:14.043-04:00  WARN 11356 --- [ms-user] [nio-8085-exec-4] c.p.msuser.controller.AuthController     : Credenciales inválidas: Credenciales inválidas
2026-05-04T23:45:53.432-04:00  INFO 11356 --- [ms-user] [nio-8085-exec-6] c.p.msuser.controller.AuthController     : Petición de login para email: test@test.com
2026-05-04T23:45:53.433-04:00  INFO 11356 --- [ms-user] [nio-8085-exec-6] c.pymetrack.msuser.service.AuthService   : Intento de login para email: test@test.com
Hibernate: 
    select
        u1_0.id,
        u1_0.activo,
        u1_0.actualizado_en,
        u1_0.apellido,
        u1_0.creado_en,
        u1_0.email,
        u1_0.nombre,
        u1_0.password,
        u1_0.pyme_id,
        u1_0.rol 
    from
        usuarios u1_0 
    where
        u1_0.email=? 
        and u1_0.activo=1
2026-05-04T23:45:53.479-04:00  WARN 11356 --- [ms-user] [nio-8085-exec-6] o.s.s.c.bcrypt.BCryptPasswordEncoder     : Encoded password does not look like BCrypt
2026-05-04T23:45:53.479-04:00  WARN 11356 --- [ms-user] [nio-8085-exec-6] c.pymetrack.msuser.service.AuthService   : Contraseña incorrecta para email: test@test.com
2026-05-04T23:45:53.479-04:00  WARN 11356 --- [ms-user] [nio-8085-exec-6] c.p.msuser.controller.AuthController     : Credenciales inválidas: Credenciales inválidas
2026-05-04T23:46:39.903-04:00  INFO 11356 --- [ms-user] [nio-8085-exec-8] c.p.msuser.controller.AuthController     : Petición de login para email: test@test.com
2026-05-04T23:46:39.903-04:00  INFO 11356 --- [ms-user] [nio-8085-exec-8] c.pymetrack.msuser.service.AuthService   : Intento de login para email: test@test.com
Hibernate: 
    select
        u1_0.id,
        u1_0.activo,
        u1_0.actualizado_en,
        u1_0.apellido,
        u1_0.creado_en,
        u1_0.email,
        u1_0.nombre,
        u1_0.password,
        u1_0.pyme_id,
        u1_0.rol 
    from
        usuarios u1_0 
    where
        u1_0.email=? 
        and u1_0.activo=1
2026-05-04T23:46:40.011-04:00  WARN 11356 --- [ms-user] [nio-8085-exec-8] c.pymetrack.msuser.service.AuthService   : Contraseña incorrecta para email: test@test.com
2026-05-04T23:46:40.012-04:00  WARN 11356 --- [ms-user] [nio-8085-exec-8] c.p.msuser.controller.AuthController     : Credenciales inválidas: Credenciales inválidas
2026-05-04T23:58:37.120-04:00  INFO 11356 --- [ms-user] [io-8085-exec-10] c.p.msuser.controller.AuthController     : Petición de login para email: test@test.com
2026-05-04T23:58:37.121-04:00  INFO 11356 --- [ms-user] [io-8085-exec-10] c.pymetrack.msuser.service.AuthService   : Intento de login para email: test@test.com
Hibernate: 
    select
        u1_0.id,
        u1_0.activo,
        u1_0.actualizado_en,
        u1_0.apellido,
        u1_0.creado_en,
        u1_0.email,
        u1_0.nombre,
        u1_0.password,
        u1_0.pyme_id,
        u1_0.rol 
    from
        usuarios u1_0 
    where
        u1_0.email=? 
        and u1_0.activo=1
2026-05-04T23:58:37.229-04:00  WARN 11356 --- [ms-user] [io-8085-exec-10] c.pymetrack.msuser.service.AuthService   : Contraseña incorrecta para email: test@test.com
2026-05-04T23:58:37.230-04:00  WARN 11356 --- [ms-user] [io-8085-exec-10] c.p.msuser.controller.AuthController     : Credenciales inválidas: Credenciales inválidas
2026-05-04T23:59:38.316-04:00  INFO 11356 --- [ms-user] [nio-8085-exec-2] c.p.msuser.controller.AuthController     : Petición de login para email: test@test.com
2026-05-04T23:59:38.316-04:00  INFO 11356 --- [ms-user] [nio-8085-exec-2] c.pymetrack.msuser.service.AuthService   : Intento de login para email: test@test.com
Hibernate: 
    select
        u1_0.id,
        u1_0.activo,
        u1_0.actualizado_en,
        u1_0.apellido,
        u1_0.creado_en,
        u1_0.email,
        u1_0.nombre,
        u1_0.password,
        u1_0.pyme_id,
        u1_0.rol 
    from
        usuarios u1_0 
    where
        u1_0.email=? 
        and u1_0.activo=1
Hibernate: 
    select
        p1_0.nombre 
    from
        permissions p1_0 
    join
        role_permissions rp1_0 
            on p1_0.id=rp1_0.permission_id 
    where
        rp1_0.rol=?
2026-05-04T23:59:38.464-04:00  INFO 11356 --- [ms-user] [nio-8085-exec-2] c.pymetrack.msuser.service.AuthService   : Login exitoso para usuario: Test (test@test.com) con rol: PYME
2026-05-05T00:00:16.395-04:00  INFO 11356 --- [ms-user] [nio-8085-exec-4] c.p.msuser.controller.AuthController     : Petición de login para email: contacto@techstore.cl
2026-05-05T00:00:16.396-04:00  INFO 11356 --- [ms-user] [nio-8085-exec-4] c.pymetrack.msuser.service.AuthService   : Intento de login para email: contacto@techstore.cl
Hibernate: 
    select
        u1_0.id,
        u1_0.activo,
        u1_0.actualizado_en,
        u1_0.apellido,
        u1_0.creado_en,
        u1_0.email,
        u1_0.nombre,
        u1_0.password,
        u1_0.pyme_id,
        u1_0.rol 
    from
        usuarios u1_0 
    where
        u1_0.email=? 
        and u1_0.activo=1
2026-05-05T00:00:16.414-04:00  WARN 11356 --- [ms-user] [nio-8085-exec-4] c.pymetrack.msuser.service.AuthService   : Usuario no encontrado con email: contacto@techstore.cl
2026-05-05T00:00:16.418-04:00  WARN 11356 --- [ms-user] [nio-8085-exec-4] c.p.msuser.controller.AuthController     : Credenciales inválidas: Credenciales inválidas
2026-05-05T00:05:43.508-04:00  INFO 11356 --- [ms-user] [nio-8085-exec-7] c.p.msuser.controller.AuthController     : Petición de login para email: contacto@techstore.cl
2026-05-05T00:05:43.510-04:00  INFO 11356 --- [ms-user] [nio-8085-exec-7] c.pymetrack.msuser.service.AuthService   : Intento de login para email: contacto@techstore.cl
Hibernate: 
    select
        u1_0.id,
        u1_0.activo,
        u1_0.actualizado_en,
        u1_0.apellido,
        u1_0.creado_en,
        u1_0.email,
        u1_0.nombre,
        u1_0.password,
        u1_0.pyme_id,
        u1_0.rol 
    from
        usuarios u1_0 
    where
        u1_0.email=? 
        and u1_0.activo=1
2026-05-05T00:05:43.531-04:00  WARN 11356 --- [ms-user] [nio-8085-exec-7] c.pymetrack.msuser.service.AuthService   : Usuario no encontrado con email: contacto@techstore.cl
2026-05-05T00:05:43.533-04:00  WARN 11356 --- [ms-user] [nio-8085-exec-7] c.p.msuser.controller.AuthController     : Credenciales inválidas: Credenciales inválidas
2026-05-05T00:16:20.955-04:00  INFO 11356 --- [ms-user] [io-8085-exec-10] c.p.msuser.controller.AuthController     : Petición de login para email: contacto@techstore.cl
2026-05-05T00:16:20.957-04:00  INFO 11356 --- [ms-user] [io-8085-exec-10] c.pymetrack.msuser.service.AuthService   : Intento de login para email: contacto@techstore.cl
Hibernate: 
    select
        u1_0.id,
        u1_0.activo,
        u1_0.actualizado_en,
        u1_0.apellido,
        u1_0.creado_en,
        u1_0.email,
        u1_0.nombre,
        u1_0.password,
        u1_0.pyme_id,
        u1_0.rol 
    from
        usuarios u1_0 
    where
        u1_0.email=? 
        and u1_0.activo=1
2026-05-05T00:16:20.966-04:00  WARN 11356 --- [ms-user] [io-8085-exec-10] c.pymetrack.msuser.service.AuthService   : Usuario no encontrado con email: contacto@techstore.cl
2026-05-05T00:16:20.967-04:00  WARN 11356 --- [ms-user] [io-8085-exec-10] c.p.msuser.controller.AuthController     : Credenciales inválidas: Credenciales inválidas
2026-05-05T00:16:36.271-04:00  INFO 11356 --- [ms-user] [nio-8085-exec-2] c.p.msuser.controller.AuthController     : Petición de login para email: contacto@techstore.cl
2026-05-05T00:16:36.271-04:00  INFO 11356 --- [ms-user] [nio-8085-exec-2] c.pymetrack.msuser.service.AuthService   : Intento de login para email: contacto@techstore.cl
Hibernate: 
    select
        u1_0.id,
        u1_0.activo,
        u1_0.actualizado_en,
        u1_0.apellido,
        u1_0.creado_en,
        u1_0.email,
        u1_0.nombre,
        u1_0.password,
        u1_0.pyme_id,
        u1_0.rol 
    from
        usuarios u1_0 
    where
        u1_0.email=? 
        and u1_0.activo=1
2026-05-05T00:16:36.281-04:00  WARN 11356 --- [ms-user] [nio-8085-exec-2] c.pymetrack.msuser.service.AuthService   : Usuario no encontrado con email: contacto@techstore.cl
2026-05-05T00:16:36.282-04:00  WARN 11356 --- [ms-user] [nio-8085-exec-2] c.p.msuser.controller.AuthController     : Credenciales inválidas: Credenciales inválidas
2026-05-05T00:17:12.166-04:00  INFO 11356 --- [ms-user] [nio-8085-exec-4] c.p.msuser.controller.AuthController     : Petición de login para email: contacto@techstore.cl
2026-05-05T00:17:12.167-04:00  INFO 11356 --- [ms-user] [nio-8085-exec-4] c.pymetrack.msuser.service.AuthService   : Intento de login para email: contacto@techstore.cl
Hibernate: 
    select
        u1_0.id,
        u1_0.activo,
        u1_0.actualizado_en,
        u1_0.apellido,
        u1_0.creado_en,
        u1_0.email,
        u1_0.nombre,
        u1_0.password,
        u1_0.pyme_id,
        u1_0.rol 
    from
        usuarios u1_0 
    where
        u1_0.email=? 
        and u1_0.activo=1
2026-05-05T00:17:12.184-04:00  WARN 11356 --- [ms-user] [nio-8085-exec-4] c.pymetrack.msuser.service.AuthService   : Usuario no encontrado con email: contacto@techstore.cl
2026-05-05T00:17:12.187-04:00  WARN 11356 --- [ms-user] [nio-8085-exec-4] c.p.msuser.controller.AuthController     : Credenciales inválidas: Credenciales inválidas
2026-05-05T00:18:59.034-04:00  INFO 11356 --- [ms-user] [nio-8085-exec-7] c.p.msuser.controller.AuthController     : Petición de login para email: test@test.com
2026-05-05T00:18:59.035-04:00  INFO 11356 --- [ms-user] [nio-8085-exec-7] c.pymetrack.msuser.service.AuthService   : Intento de login para email: test@test.com
Hibernate: 
    select
        u1_0.id,
        u1_0.activo,
        u1_0.actualizado_en,
        u1_0.apellido,
        u1_0.creado_en,
        u1_0.email,
        u1_0.nombre,
        u1_0.password,
        u1_0.pyme_id,
        u1_0.rol 
    from
        usuarios u1_0 
    where
        u1_0.email=? 
        and u1_0.activo=1
Hibernate: 
    select
        p1_0.nombre 
    from
        permissions p1_0 
    join
        role_permissions rp1_0 
            on p1_0.id=rp1_0.permission_id 
    where
        rp1_0.rol=?
2026-05-05T00:18:59.166-04:00  INFO 11356 --- [ms-user] [nio-8085-exec-7] c.pymetrack.msuser.service.AuthService   : Login exitoso para usuario: Test (test@test.com) con rol: PYME
2026-05-05T00:19:08.120-04:00  INFO 11356 --- [ms-user] [nio-8085-exec-9] c.p.msuser.controller.AuthController     : Petición de login para email: test@test.com
2026-05-05T00:19:08.120-04:00  INFO 11356 --- [ms-user] [nio-8085-exec-9] c.pymetrack.msuser.service.AuthService   : Intento de login para email: test@test.com
Hibernate: 
    select
        u1_0.id,
        u1_0.activo,
        u1_0.actualizado_en,
        u1_0.apellido,
        u1_0.creado_en,
        u1_0.email,
        u1_0.nombre,
        u1_0.password,
        u1_0.pyme_id,
        u1_0.rol 
    from
        usuarios u1_0 
    where
        u1_0.email=? 
        and u1_0.activo=1
Hibernate: 
    select
        p1_0.nombre 
    from
        permissions p1_0 
    join
        role_permissions rp1_0 
            on p1_0.id=rp1_0.permission_id 
    where
        rp1_0.rol=?
2026-05-05T00:19:08.251-04:00  INFO 11356 --- [ms-user] [nio-8085-exec-9] c.pymetrack.msuser.service.AuthService   : Login exitoso para usuario: Test (test@test.com) con rol: PYME
2026-05-05T00:21:04.899-04:00  INFO 11356 --- [ms-user] [nio-8085-exec-1] c.p.msuser.controller.AuthController     : Petición de validación de token
Hibernate: 
    select
        u1_0.id,
        u1_0.activo,
        u1_0.actualizado_en,
        u1_0.apellido,
        u1_0.creado_en,
        u1_0.email,
        u1_0.nombre,
        u1_0.password,
        u1_0.pyme_id,
        u1_0.rol 
    from
        usuarios u1_0 
    where
        u1_0.email=? 
        and u1_0.activo=1
2026-05-05T00:21:15.236-04:00  INFO 11356 --- [ms-user] [nio-8085-exec-3] c.p.msuser.controller.AuthController     : Petición de login para email: test@test.com
2026-05-05T00:21:15.237-04:00  INFO 11356 --- [ms-user] [nio-8085-exec-3] c.pymetrack.msuser.service.AuthService   : Intento de login para email: test@test.com
Hibernate: 
    select
        u1_0.id,
        u1_0.activo,
        u1_0.actualizado_en,
        u1_0.apellido,
        u1_0.creado_en,
        u1_0.email,
        u1_0.nombre,
        u1_0.password,
        u1_0.pyme_id,
        u1_0.rol 
    from
        usuarios u1_0 
    where
        u1_0.email=? 
        and u1_0.activo=1
Hibernate: 
    select
        p1_0.nombre 
    from
        permissions p1_0 
    join
        role_permissions rp1_0 
            on p1_0.id=rp1_0.permission_id 
    where
        rp1_0.rol=?
2026-05-05T00:21:15.365-04:00  INFO 11356 --- [ms-user] [nio-8085-exec-3] c.pymetrack.msuser.service.AuthService   : Login exitoso para usuario: Test (test@test.com) con rol: PYME
2026-05-05T00:22:03.833-04:00  INFO 11356 --- [ms-user] [nio-8085-exec-5] c.p.msuser.controller.AuthController     : Petición de validación de token
Hibernate: 
    select
        u1_0.id,
        u1_0.activo,
        u1_0.actualizado_en,
        u1_0.apellido,
        u1_0.creado_en,
        u1_0.email,
        u1_0.nombre,
        u1_0.password,
        u1_0.pyme_id,
        u1_0.rol 
    from
        usuarios u1_0 
    where
        u1_0.email=? 
        and u1_0.activo=1
2026-05-05T00:22:16.312-04:00  INFO 11356 --- [ms-user] [nio-8085-exec-7] c.p.msuser.controller.AuthController     : Petición de validación de token
Hibernate: 
    select
        u1_0.id,
        u1_0.activo,
        u1_0.actualizado_en,
        u1_0.apellido,
        u1_0.creado_en,
        u1_0.email,
        u1_0.nombre,
        u1_0.password,
        u1_0.pyme_id,
        u1_0.rol 
    from
        usuarios u1_0 
    where
        u1_0.email=? 
        and u1_0.activo=1
2026-05-05T00:22:25.759-04:00  INFO 11356 --- [ms-user] [nio-8085-exec-9] c.p.msuser.controller.AuthController     : Petición de login para email: test@test.com
2026-05-05T00:22:25.760-04:00  INFO 11356 --- [ms-user] [nio-8085-exec-9] c.pymetrack.msuser.service.AuthService   : Intento de login para email: test@test.com
Hibernate: 
    select
        u1_0.id,
        u1_0.activo,
        u1_0.actualizado_en,
        u1_0.apellido,
        u1_0.creado_en,
        u1_0.email,
        u1_0.nombre,
        u1_0.password,
        u1_0.pyme_id,
        u1_0.rol 
    from
        usuarios u1_0 
    where
        u1_0.email=? 
        and u1_0.activo=1
Hibernate: 
    select
        p1_0.nombre 
    from
        permissions p1_0 
    join
        role_permissions rp1_0 
            on p1_0.id=rp1_0.permission_id 
    where
        rp1_0.rol=?
2026-05-05T00:22:25.862-04:00  INFO 11356 --- [ms-user] [nio-8085-exec-9] c.pymetrack.msuser.service.AuthService   : Login exitoso para usuario: Test (test@test.com) con rol: PYME
2026-05-05T00:22:25.985-04:00  INFO 11356 --- [ms-user] [nio-8085-exec-1] c.p.msuser.controller.AuthController     : Petición de validación de token
Hibernate: 
    select
        u1_0.id,
        u1_0.activo,
        u1_0.actualizado_en,
        u1_0.apellido,
        u1_0.creado_en,
        u1_0.email,
        u1_0.nombre,
        u1_0.password,
        u1_0.pyme_id,
        u1_0.rol 
    from
        usuarios u1_0 
    where
        u1_0.email=? 
        and u1_0.activo=1
2026-05-05T00:23:08.685-04:00  INFO 11356 --- [ms-user] [nio-8085-exec-3] c.p.msuser.controller.AuthController     : Petición de login para email: test@test.com
2026-05-05T00:23:08.686-04:00  INFO 11356 --- [ms-user] [nio-8085-exec-3] c.pymetrack.msuser.service.AuthService   : Intento de login para email: test@test.com
Hibernate: 
    select
        u1_0.id,
        u1_0.activo,
        u1_0.actualizado_en,
        u1_0.apellido,
        u1_0.creado_en,
        u1_0.email,
        u1_0.nombre,
        u1_0.password,
        u1_0.pyme_id,
        u1_0.rol 
    from
        usuarios u1_0 
    where
        u1_0.email=? 
        and u1_0.activo=1
Hibernate: 
    select
        p1_0.nombre 
    from
        permissions p1_0 
    join
        role_permissions rp1_0 
            on p1_0.id=rp1_0.permission_id 
    where
        rp1_0.rol=?
2026-05-05T00:23:08.825-04:00  INFO 11356 --- [ms-user] [nio-8085-exec-3] c.pymetrack.msuser.service.AuthService   : Login exitoso para usuario: Test (test@test.com) con rol: PYME
2026-05-05T00:23:08.960-04:00  INFO 11356 --- [ms-user] [nio-8085-exec-5] c.p.msuser.controller.AuthController     : Petición de validación de token
Hibernate: 
    select
        u1_0.id,
        u1_0.activo,
        u1_0.actualizado_en,
        u1_0.apellido,
        u1_0.creado_en,
        u1_0.email,
        u1_0.nombre,
        u1_0.password,
        u1_0.pyme_id,
        u1_0.rol 
    from
        usuarios u1_0 
    where
        u1_0.email=? 
        and u1_0.activo=1
2026-05-05T00:23:20.544-04:00  INFO 11356 --- [ms-user] [nio-8085-exec-7] c.p.msuser.controller.AuthController     : Petición de login para email: test@test.com
2026-05-05T00:23:20.545-04:00  INFO 11356 --- [ms-user] [nio-8085-exec-7] c.pymetrack.msuser.service.AuthService   : Intento de login para email: test@test.com
Hibernate: 
    select
        u1_0.id,
        u1_0.activo,
        u1_0.actualizado_en,
        u1_0.apellido,
        u1_0.creado_en,
        u1_0.email,
        u1_0.nombre,
        u1_0.password,
        u1_0.pyme_id,
        u1_0.rol 
    from
        usuarios u1_0 
    where
        u1_0.email=? 
        and u1_0.activo=1
Hibernate: 
    select
        p1_0.nombre 
    from
        permissions p1_0 
    join
        role_permissions rp1_0 
            on p1_0.id=rp1_0.permission_id 
    where
        rp1_0.rol=?
2026-05-05T00:23:20.675-04:00  INFO 11356 --- [ms-user] [nio-8085-exec-7] c.pymetrack.msuser.service.AuthService   : Login exitoso para usuario: Test (test@test.com) con rol: PYME
2026-05-05T00:23:20.787-04:00  INFO 11356 --- [ms-user] [nio-8085-exec-9] c.p.msuser.controller.AuthController     : Petición de validación de token
Hibernate: 
    select
        u1_0.id,
        u1_0.activo,
        u1_0.actualizado_en,
        u1_0.apellido,
        u1_0.creado_en,
        u1_0.email,
        u1_0.nombre,
        u1_0.password,
        u1_0.pyme_id,
        u1_0.rol 
    from
        usuarios u1_0 
    where
        u1_0.email=? 
        and u1_0.activo=1
2026-05-05T00:25:02.165-04:00  INFO 11356 --- [ms-user] [nio-8085-exec-2] c.p.msuser.controller.AuthController     : Petición de validación de token
Hibernate: 
    select
        u1_0.id,
        u1_0.activo,
        u1_0.actualizado_en,
        u1_0.apellido,
        u1_0.creado_en,
        u1_0.email,
        u1_0.nombre,
        u1_0.password,
        u1_0.pyme_id,
        u1_0.rol 
    from
        usuarios u1_0 
    where
        u1_0.email=? 
        and u1_0.activo=1
2026-05-05T00:25:18.932-04:00  INFO 11356 --- [ms-user] [nio-8085-exec-3] c.p.msuser.controller.AuthController     : Petición de validación de token
Hibernate: 
    select
        u1_0.id,
        u1_0.activo,
        u1_0.actualizado_en,
        u1_0.apellido,
        u1_0.creado_en,
        u1_0.email,
        u1_0.nombre,
        u1_0.password,
        u1_0.pyme_id,
        u1_0.rol 
    from
        usuarios u1_0 
    where
        u1_0.email=? 
        and u1_0.activo=1
2026-05-05T00:25:27.792-04:00  INFO 11356 --- [ms-user] [nio-8085-exec-5] c.p.msuser.controller.AuthController     : Petición de login para email: test@test.com
2026-05-05T00:25:27.792-04:00  INFO 11356 --- [ms-user] [nio-8085-exec-5] c.pymetrack.msuser.service.AuthService   : Intento de login para email: test@test.com
Hibernate: 
    select
        u1_0.id,
        u1_0.activo,
        u1_0.actualizado_en,
        u1_0.apellido,
        u1_0.creado_en,
        u1_0.email,
        u1_0.nombre,
        u1_0.password,
        u1_0.pyme_id,
        u1_0.rol 
    from
        usuarios u1_0 
    where
        u1_0.email=? 
        and u1_0.activo=1
Hibernate: 
    select
        p1_0.nombre 
    from
        permissions p1_0 
    join
        role_permissions rp1_0 
            on p1_0.id=rp1_0.permission_id 
    where
        rp1_0.rol=?
2026-05-05T00:25:27.899-04:00  INFO 11356 --- [ms-user] [nio-8085-exec-5] c.pymetrack.msuser.service.AuthService   : Login exitoso para usuario: Test (test@test.com) con rol: PYME
2026-05-05T00:25:28.133-04:00  INFO 11356 --- [ms-user] [nio-8085-exec-7] c.p.msuser.controller.AuthController     : Petición de validación de token
Hibernate: 
    select
        u1_0.id,
        u1_0.activo,
        u1_0.actualizado_en,
        u1_0.apellido,
        u1_0.creado_en,
        u1_0.email,
        u1_0.nombre,
        u1_0.password,
        u1_0.pyme_id,
        u1_0.rol 
    from
        usuarios u1_0 
    where
        u1_0.email=? 
        and u1_0.activo=1
2026-05-05T00:25:32.658-04:00  INFO 11356 --- [ms-user] [nio-8085-exec-8] c.p.msuser.controller.AuthController     : Petición de validación de token
Hibernate: 
    select
        u1_0.id,
        u1_0.activo,
        u1_0.actualizado_en,
        u1_0.apellido,
        u1_0.creado_en,
        u1_0.email,
        u1_0.nombre,
        u1_0.password,
        u1_0.pyme_id,
        u1_0.rol 
    from
        usuarios u1_0 
    where
        u1_0.email=? 
        and u1_0.activo=1
2026-05-05T00:25:39.745-04:00  INFO 11356 --- [ms-user] [io-8085-exec-10] c.p.msuser.controller.AuthController     : Petición de login para email: test@test.com
2026-05-05T00:25:39.745-04:00  INFO 11356 --- [ms-user] [io-8085-exec-10] c.pymetrack.msuser.service.AuthService   : Intento de login para email: test@test.com
Hibernate: 
    select
        u1_0.id,
        u1_0.activo,
        u1_0.actualizado_en,
        u1_0.apellido,
        u1_0.creado_en,
        u1_0.email,
        u1_0.nombre,
        u1_0.password,
        u1_0.pyme_id,
        u1_0.rol 
    from
        usuarios u1_0 
    where
        u1_0.email=? 
        and u1_0.activo=1
Hibernate: 
    select
        p1_0.nombre 
    from
        permissions p1_0 
    join
        role_permissions rp1_0 
            on p1_0.id=rp1_0.permission_id 
    where
        rp1_0.rol=?
2026-05-05T00:25:39.886-04:00  INFO 11356 --- [ms-user] [io-8085-exec-10] c.pymetrack.msuser.service.AuthService   : Login exitoso para usuario: Test (test@test.com) con rol: PYME
2026-05-05T00:25:40.101-04:00  INFO 11356 --- [ms-user] [nio-8085-exec-2] c.p.msuser.controller.AuthController     : Petición de validación de token
Hibernate: 
    select
        u1_0.id,
        u1_0.activo,
        u1_0.actualizado_en,
        u1_0.apellido,
        u1_0.creado_en,
        u1_0.email,
        u1_0.nombre,
        u1_0.password,
        u1_0.pyme_id,
        u1_0.rol 
    from
        usuarios u1_0 
    where
        u1_0.email=? 
        and u1_0.activo=1
2026-05-05T00:25:55.626-04:00  INFO 11356 --- [ms-user] [nio-8085-exec-4] c.p.msuser.controller.AuthController     : Petición de validación de token
Hibernate: 
    select
        u1_0.id,
        u1_0.activo,
        u1_0.actualizado_en,
        u1_0.apellido,
        u1_0.creado_en,
        u1_0.email,
        u1_0.nombre,
        u1_0.password,
        u1_0.pyme_id,
        u1_0.rol 
    from
        usuarios u1_0 
    where
        u1_0.email=? 
        and u1_0.activo=1
2026-05-05T00:26:06.755-04:00  INFO 11356 --- [ms-user] [nio-8085-exec-6] c.p.msuser.controller.AuthController     : Petición de login para email: test@test.com
2026-05-05T00:26:06.755-04:00  INFO 11356 --- [ms-user] [nio-8085-exec-6] c.pymetrack.msuser.service.AuthService   : Intento de login para email: test@test.com
Hibernate: 
    select
        u1_0.id,
        u1_0.activo,
        u1_0.actualizado_en,
        u1_0.apellido,
        u1_0.creado_en,
        u1_0.email,
        u1_0.nombre,
        u1_0.password,
        u1_0.pyme_id,
        u1_0.rol 
    from
        usuarios u1_0 
    where
        u1_0.email=? 
        and u1_0.activo=1
Hibernate: 
    select
        p1_0.nombre 
    from
        permissions p1_0 
    join
        role_permissions rp1_0 
            on p1_0.id=rp1_0.permission_id 
    where
        rp1_0.rol=?
2026-05-05T00:26:06.876-04:00  INFO 11356 --- [ms-user] [nio-8085-exec-6] c.pymetrack.msuser.service.AuthService   : Login exitoso para usuario: Test (test@test.com) con rol: PYME
2026-05-05T00:26:07.115-04:00  INFO 11356 --- [ms-user] [nio-8085-exec-8] c.p.msuser.controller.AuthController     : Petición de validación de token
Hibernate: 
    select
        u1_0.id,
        u1_0.activo,
        u1_0.actualizado_en,
        u1_0.apellido,
        u1_0.creado_en,
        u1_0.email,
        u1_0.nombre,
        u1_0.password,
        u1_0.pyme_id,
        u1_0.rol 
    from
        usuarios u1_0 
    where
        u1_0.email=? 
        and u1_0.activo=1
2026-05-05T00:26:30.098-04:00  INFO 11356 --- [ms-user] [io-8085-exec-10] c.p.msuser.controller.AuthController     : Petición de validación de token
Hibernate: 
    select
        u1_0.id,
        u1_0.activo,
        u1_0.actualizado_en,
        u1_0.apellido,
        u1_0.creado_en,
        u1_0.email,
        u1_0.nombre,
        u1_0.password,
        u1_0.pyme_id,
        u1_0.rol 
    from
        usuarios u1_0 
    where
        u1_0.email=? 
        and u1_0.activo=1
2026-05-05T00:26:35.758-04:00  INFO 11356 --- [ms-user] [nio-8085-exec-2] c.p.msuser.controller.AuthController     : Petición de validación de token
Hibernate: 
    select
        u1_0.id,
        u1_0.activo,
        u1_0.actualizado_en,
        u1_0.apellido,
        u1_0.creado_en,
        u1_0.email,
        u1_0.nombre,
        u1_0.password,
        u1_0.pyme_id,
        u1_0.rol 
    from
        usuarios u1_0 
    where
        u1_0.email=? 
        and u1_0.activo=1
2026-05-05T00:26:57.514-04:00  INFO 11356 --- [ms-user] [nio-8085-exec-4] c.p.msuser.controller.AuthController     : Petición de validación de token
Hibernate: 
    select
        u1_0.id,
        u1_0.activo,
        u1_0.actualizado_en,
        u1_0.apellido,
        u1_0.creado_en,
        u1_0.email,
        u1_0.nombre,
        u1_0.password,
        u1_0.pyme_id,
        u1_0.rol 
    from
        usuarios u1_0 
    where
        u1_0.email=? 
        and u1_0.activo=1
2026-05-05T00:27:11.927-04:00  INFO 11356 --- [ms-user] [nio-8085-exec-6] c.p.msuser.controller.AuthController     : Petición de login para email: test@test.com
2026-05-05T00:27:11.928-04:00  INFO 11356 --- [ms-user] [nio-8085-exec-6] c.pymetrack.msuser.service.AuthService   : Intento de login para email: test@test.com
Hibernate: 
    select
        u1_0.id,
        u1_0.activo,
        u1_0.actualizado_en,
        u1_0.apellido,
        u1_0.creado_en,
        u1_0.email,
        u1_0.nombre,
        u1_0.password,
        u1_0.pyme_id,
        u1_0.rol 
    from
        usuarios u1_0 
    where
        u1_0.email=? 
        and u1_0.activo=1
Hibernate: 
    select
        p1_0.nombre 
    from
        permissions p1_0 
    join
        role_permissions rp1_0 
            on p1_0.id=rp1_0.permission_id 
    where
        rp1_0.rol=?
2026-05-05T00:27:12.061-04:00  INFO 11356 --- [ms-user] [nio-8085-exec-6] c.pymetrack.msuser.service.AuthService   : Login exitoso para usuario: Test (test@test.com) con rol: PYME
2026-05-05T00:27:12.738-04:00  INFO 11356 --- [ms-user] [nio-8085-exec-8] c.p.msuser.controller.AuthController     : Petición de validación de token
Hibernate: 
    select
        u1_0.id,
        u1_0.activo,
        u1_0.actualizado_en,
        u1_0.apellido,
        u1_0.creado_en,
        u1_0.email,
        u1_0.nombre,
        u1_0.password,
        u1_0.pyme_id,
        u1_0.rol 
    from
        usuarios u1_0 
    where
        u1_0.email=? 
        and u1_0.activo=1
2026-05-05T00:27:18.123-04:00  INFO 11356 --- [ms-user] [io-8085-exec-10] c.p.msuser.controller.AuthController     : Petición de validación de token
Hibernate: 
    select
        u1_0.id,
        u1_0.activo,
        u1_0.actualizado_en,
        u1_0.apellido,
        u1_0.creado_en,
        u1_0.email,
        u1_0.nombre,
        u1_0.password,
        u1_0.pyme_id,
        u1_0.rol 
    from
        usuarios u1_0 
    where
        u1_0.email=? 
        and u1_0.activo=1
2026-05-05T00:27:34.843-04:00  INFO 11356 --- [ms-user] [nio-8085-exec-2] c.p.msuser.controller.AuthController     : Petición de login para email: contacto@techstore.cl
2026-05-05T00:27:34.844-04:00  INFO 11356 --- [ms-user] [nio-8085-exec-2] c.pymetrack.msuser.service.AuthService   : Intento de login para email: contacto@techstore.cl
Hibernate: 
    select
        u1_0.id,
        u1_0.activo,
        u1_0.actualizado_en,
        u1_0.apellido,
        u1_0.creado_en,
        u1_0.email,
        u1_0.nombre,
        u1_0.password,
        u1_0.pyme_id,
        u1_0.rol 
    from
        usuarios u1_0 
    where
        u1_0.email=? 
        and u1_0.activo=1
2026-05-05T00:27:34.854-04:00  WARN 11356 --- [ms-user] [nio-8085-exec-2] c.pymetrack.msuser.service.AuthService   : Usuario no encontrado con email: contacto@techstore.cl
2026-05-05T00:27:34.856-04:00  WARN 11356 --- [ms-user] [nio-8085-exec-2] c.p.msuser.controller.AuthController     : Credenciales inválidas: Credenciales inválidas
2026-05-05T00:27:46.561-04:00  INFO 11356 --- [ms-user] [nio-8085-exec-4] c.p.msuser.controller.AuthController     : Petición de login para email: admin@techstore.cl
2026-05-05T00:27:46.562-04:00  INFO 11356 --- [ms-user] [nio-8085-exec-4] c.pymetrack.msuser.service.AuthService   : Intento de login para email: admin@techstore.cl
Hibernate: 
    select
        u1_0.id,
        u1_0.activo,
        u1_0.actualizado_en,
        u1_0.apellido,
        u1_0.creado_en,
        u1_0.email,
        u1_0.nombre,
        u1_0.password,
        u1_0.pyme_id,
        u1_0.rol 
    from
        usuarios u1_0 
    where
        u1_0.email=? 
        and u1_0.activo=1
2026-05-05T00:27:46.576-04:00  WARN 11356 --- [ms-user] [nio-8085-exec-4] c.pymetrack.msuser.service.AuthService   : Usuario no encontrado con email: admin@techstore.cl
2026-05-05T00:27:46.577-04:00  WARN 11356 --- [ms-user] [nio-8085-exec-4] c.p.msuser.controller.AuthController     : Credenciales inválidas: Credenciales inválidas
2026-05-05T00:29:23.574-04:00  INFO 11356 --- [ms-user] [nio-8085-exec-7] c.p.msuser.controller.AuthController     : Petición de login para email: test@test.com
2026-05-05T00:29:23.576-04:00  INFO 11356 --- [ms-user] [nio-8085-exec-7] c.pymetrack.msuser.service.AuthService   : Intento de login para email: test@test.com
Hibernate: 
    select
        u1_0.id,
        u1_0.activo,
        u1_0.actualizado_en,
        u1_0.apellido,
        u1_0.creado_en,
        u1_0.email,
        u1_0.nombre,
        u1_0.password,
        u1_0.pyme_id,
        u1_0.rol 
    from
        usuarios u1_0 
    where
        u1_0.email=? 
        and u1_0.activo=1
Hibernate: 
    select
        p1_0.nombre 
    from
        permissions p1_0 
    join
        role_permissions rp1_0 
            on p1_0.id=rp1_0.permission_id 
    where
        rp1_0.rol=?
2026-05-05T00:29:23.724-04:00  INFO 11356 --- [ms-user] [nio-8085-exec-7] c.pymetrack.msuser.service.AuthService   : Login exitoso para usuario: Test (test@test.com) con rol: PYME
2026-05-05T00:30:55.009-04:00  INFO 11356 --- [ms-user] [io-8085-exec-10] c.p.msuser.controller.AuthController     : Petición de login para email: test@test.com
2026-05-05T00:30:55.010-04:00  INFO 11356 --- [ms-user] [io-8085-exec-10] c.pymetrack.msuser.service.AuthService   : Intento de login para email: test@test.com
Hibernate: 
    select
        u1_0.id,
        u1_0.activo,
        u1_0.actualizado_en,
        u1_0.apellido,
        u1_0.creado_en,
        u1_0.email,
        u1_0.nombre,
        u1_0.password,
        u1_0.pyme_id,
        u1_0.rol 
    from
        usuarios u1_0 
    where
        u1_0.email=? 
        and u1_0.activo=1
Hibernate: 
    select
        p1_0.nombre 
    from
        permissions p1_0 
    join
        role_permissions rp1_0 
            on p1_0.id=rp1_0.permission_id 
    where
        rp1_0.rol=?
2026-05-05T00:30:55.140-04:00  INFO 11356 --- [ms-user] [io-8085-exec-10] c.pymetrack.msuser.service.AuthService   : Login exitoso para usuario: Test (test@test.com) con rol: PYME
2026-05-05T00:31:10.886-04:00  INFO 11356 --- [ms-user] [nio-8085-exec-2] c.p.msuser.controller.AuthController     : Petición de login para email: test@test.com
2026-05-05T00:31:10.887-04:00  INFO 11356 --- [ms-user] [nio-8085-exec-2] c.pymetrack.msuser.service.AuthService   : Intento de login para email: test@test.com
Hibernate: 
    select
        u1_0.id,
        u1_0.activo,
        u1_0.actualizado_en,
        u1_0.apellido,
        u1_0.creado_en,
        u1_0.email,
        u1_0.nombre,
        u1_0.password,
        u1_0.pyme_id,
        u1_0.rol 
    from
        usuarios u1_0 
    where
        u1_0.email=? 
        and u1_0.activo=1
Hibernate: 
    select
        p1_0.nombre 
    from
        permissions p1_0 
    join
        role_permissions rp1_0 
            on p1_0.id=rp1_0.permission_id 
    where
        rp1_0.rol=?
2026-05-05T00:31:11.017-04:00  INFO 11356 --- [ms-user] [nio-8085-exec-2] c.pymetrack.msuser.service.AuthService   : Login exitoso para usuario: Test (test@test.com) con rol: PYME
2026-05-05T00:31:39.287-04:00  INFO 11356 --- [ms-user] [nio-8085-exec-4] c.p.msuser.controller.AuthController     : Petición de login para email: test@test.com
2026-05-05T00:31:39.289-04:00  INFO 11356 --- [ms-user] [nio-8085-exec-4] c.pymetrack.msuser.service.AuthService   : Intento de login para email: test@test.com
Hibernate: 
    select
        u1_0.id,
        u1_0.activo,
        u1_0.actualizado_en,
        u1_0.apellido,
        u1_0.creado_en,
        u1_0.email,
        u1_0.nombre,
        u1_0.password,
        u1_0.pyme_id,
        u1_0.rol 
    from
        usuarios u1_0 
    where
        u1_0.email=? 
        and u1_0.activo=1
Hibernate: 
    select
        p1_0.nombre 
    from
        permissions p1_0 
    join
        role_permissions rp1_0 
            on p1_0.id=rp1_0.permission_id 
    where
        rp1_0.rol=?
2026-05-05T00:31:39.424-04:00  INFO 11356 --- [ms-user] [nio-8085-exec-4] c.pymetrack.msuser.service.AuthService   : Login exitoso para usuario: Test (test@test.com) con rol: PYME
2026-05-05T00:31:59.870-04:00  INFO 11356 --- [ms-user] [nio-8085-exec-5] c.p.msuser.controller.AuthController     : Petición de login para email: test@test.com
2026-05-05T00:31:59.870-04:00  INFO 11356 --- [ms-user] [nio-8085-exec-5] c.pymetrack.msuser.service.AuthService   : Intento de login para email: test@test.com
Hibernate: 
    select
        u1_0.id,
        u1_0.activo,
        u1_0.actualizado_en,
        u1_0.apellido,
        u1_0.creado_en,
        u1_0.email,
        u1_0.nombre,
        u1_0.password,
        u1_0.pyme_id,
        u1_0.rol 
    from
        usuarios u1_0 
    where
        u1_0.email=? 
        and u1_0.activo=1
Hibernate: 
    select
        p1_0.nombre 
    from
        permissions p1_0 
    join
        role_permissions rp1_0 
            on p1_0.id=rp1_0.permission_id 
    where
        rp1_0.rol=?
2026-05-05T00:31:59.977-04:00  INFO 11356 --- [ms-user] [nio-8085-exec-5] c.pymetrack.msuser.service.AuthService   : Login exitoso para usuario: Test (test@test.com) con rol: PYME
2026-05-05T00:32:04.934-04:00  INFO 11356 --- [ms-user] [nio-8085-exec-7] c.p.msuser.controller.AuthController     : Petición de login para email: test@test.com
2026-05-05T00:32:04.934-04:00  INFO 11356 --- [ms-user] [nio-8085-exec-7] c.pymetrack.msuser.service.AuthService   : Intento de login para email: test@test.com
Hibernate: 
    select
        u1_0.id,
        u1_0.activo,
        u1_0.actualizado_en,
        u1_0.apellido,
        u1_0.creado_en,
        u1_0.email,
        u1_0.nombre,
        u1_0.password,
        u1_0.pyme_id,
        u1_0.rol 
    from
        usuarios u1_0 
    where
        u1_0.email=? 
        and u1_0.activo=1
Hibernate: 
    select
        p1_0.nombre 
    from
        permissions p1_0 
    join
        role_permissions rp1_0 
            on p1_0.id=rp1_0.permission_id 
    where
        rp1_0.rol=?
2026-05-05T00:32:05.039-04:00  INFO 11356 --- [ms-user] [nio-8085-exec-7] c.pymetrack.msuser.service.AuthService   : Login exitoso para usuario: Test (test@test.com) con rol: PYME
2026-05-05T00:32:34.404-04:00  INFO 11356 --- [ms-user] [io-8085-exec-10] c.p.msuser.controller.AuthController     : Petición de login para email: test@test.com
2026-05-05T00:32:34.405-04:00  INFO 11356 --- [ms-user] [io-8085-exec-10] c.pymetrack.msuser.service.AuthService   : Intento de login para email: test@test.com
Hibernate: 
    select
        u1_0.id,
        u1_0.activo,
        u1_0.actualizado_en,
        u1_0.apellido,
        u1_0.creado_en,
        u1_0.email,
        u1_0.nombre,
        u1_0.password,
        u1_0.pyme_id,
        u1_0.rol 
    from
        usuarios u1_0 
    where
        u1_0.email=? 
        and u1_0.activo=1
Hibernate: 
    select
        p1_0.nombre 
    from
        permissions p1_0 
    join
        role_permissions rp1_0 
            on p1_0.id=rp1_0.permission_id 
    where
        rp1_0.rol=?
2026-05-05T00:32:34.530-04:00  INFO 11356 --- [ms-user] [io-8085-exec-10] c.pymetrack.msuser.service.AuthService   : Login exitoso para usuario: Test (test@test.com) con rol: PYME
2026-05-05T00:32:42.932-04:00  INFO 11356 --- [ms-user] [nio-8085-exec-2] c.p.msuser.controller.AuthController     : Petición de login para email: test@test.com
2026-05-05T00:32:42.932-04:00  INFO 11356 --- [ms-user] [nio-8085-exec-2] c.pymetrack.msuser.service.AuthService   : Intento de login para email: test@test.com
Hibernate: 
    select
        u1_0.id,
        u1_0.activo,
        u1_0.actualizado_en,
        u1_0.apellido,
        u1_0.creado_en,
        u1_0.email,
        u1_0.nombre,
        u1_0.password,
        u1_0.pyme_id,
        u1_0.rol 
    from
        usuarios u1_0 
    where
        u1_0.email=? 
        and u1_0.activo=1
Hibernate: 
    select
        p1_0.nombre 
    from
        permissions p1_0 
    join
        role_permissions rp1_0 
            on p1_0.id=rp1_0.permission_id 
    where
        rp1_0.rol=?
2026-05-05T00:32:43.057-04:00  INFO 11356 --- [ms-user] [nio-8085-exec-2] c.pymetrack.msuser.service.AuthService   : Login exitoso para usuario: Test (test@test.com) con rol: PYME
2026-05-05T00:33:23.736-04:00  INFO 11356 --- [ms-user] [nio-8085-exec-4] c.p.msuser.controller.AuthController     : Petición de login para email: test@test.com
2026-05-05T00:33:23.738-04:00  INFO 11356 --- [ms-user] [nio-8085-exec-4] c.pymetrack.msuser.service.AuthService   : Intento de login para email: test@test.com
Hibernate: 
    select
        u1_0.id,
        u1_0.activo,
        u1_0.actualizado_en,
        u1_0.apellido,
        u1_0.creado_en,
        u1_0.email,
        u1_0.nombre,
        u1_0.password,
        u1_0.pyme_id,
        u1_0.rol 
    from
        usuarios u1_0 
    where
        u1_0.email=? 
        and u1_0.activo=1
Hibernate: 
    select
        p1_0.nombre 
    from
        permissions p1_0 
    join
        role_permissions rp1_0 
            on p1_0.id=rp1_0.permission_id 
    where
        rp1_0.rol=?
2026-05-05T00:33:23.868-04:00  INFO 11356 --- [ms-user] [nio-8085-exec-4] c.pymetrack.msuser.service.AuthService   : Login exitoso para usuario: Test (test@test.com) con rol: PYME
2026-05-05T00:33:48.665-04:00  INFO 11356 --- [ms-user] [nio-8085-exec-8] c.p.msuser.controller.AuthController     : Petición de login para email: test@test.com
2026-05-05T00:33:48.666-04:00  INFO 11356 --- [ms-user] [nio-8085-exec-8] c.pymetrack.msuser.service.AuthService   : Intento de login para email: test@test.com
Hibernate: 
    select
        u1_0.id,
        u1_0.activo,
        u1_0.actualizado_en,
        u1_0.apellido,
        u1_0.creado_en,
        u1_0.email,
        u1_0.nombre,
        u1_0.password,
        u1_0.pyme_id,
        u1_0.rol 
    from
        usuarios u1_0 
    where
        u1_0.email=? 
        and u1_0.activo=1
Hibernate: 
    select
        p1_0.nombre 
    from
        permissions p1_0 
    join
        role_permissions rp1_0 
            on p1_0.id=rp1_0.permission_id 
    where
        rp1_0.rol=?
2026-05-05T00:33:48.787-04:00  INFO 11356 --- [ms-user] [nio-8085-exec-8] c.pymetrack.msuser.service.AuthService   : Login exitoso para usuario: Test (test@test.com) con rol: PYME
2026-05-05T00:36:20.057-04:00  INFO 11356 --- [ms-user] [io-8085-exec-10] c.p.msuser.controller.AuthController     : Petición de login para email: admin@techstore.cl
2026-05-05T00:36:20.058-04:00  INFO 11356 --- [ms-user] [io-8085-exec-10] c.pymetrack.msuser.service.AuthService   : Intento de login para email: admin@techstore.cl
Hibernate: 
    select
        u1_0.id,
        u1_0.activo,
        u1_0.actualizado_en,
        u1_0.apellido,
        u1_0.creado_en,
        u1_0.email,
        u1_0.nombre,
        u1_0.password,
        u1_0.pyme_id,
        u1_0.rol 
    from
        usuarios u1_0 
    where
        u1_0.email=? 
        and u1_0.activo=1
2026-05-05T00:36:20.158-04:00  WARN 11356 --- [ms-user] [io-8085-exec-10] c.pymetrack.msuser.service.AuthService   : Contraseña incorrecta para email: admin@techstore.cl
2026-05-05T00:36:20.159-04:00  WARN 11356 --- [ms-user] [io-8085-exec-10] c.p.msuser.controller.AuthController     : Credenciales inválidas: Credenciales inválidas
2026-05-05T00:36:34.808-04:00 ERROR 11356 --- [ms-user] [nio-8085-exec-2] c.p.msuser.controller.AuthController     : Error interno del servidor

org.springframework.web.bind.MethodArgumentNotValidException: Validation failed for argument [0] in public org.springframework.http.ResponseEntity<cl.pymetrack.msuser.dto.LoginResponse> cl.pymetrack.msuser.controller.AuthController.login(cl.pymetrack.msuser.dto.LoginRequest): [Field error in object 'loginRequest' on field 'password': rejected value [admin]; codes [Size.loginRequest.password,Size.password,Size.java.lang.String,Size]; arguments [org.springframework.context.support.DefaultMessageSourceResolvable: codes [loginRequest.password,password]; arguments []; default message [password],2147483647,6]; default message [La contraseña debe tener al menos 6 caracteres]] 
	at org.springframework.web.servlet.mvc.method.annotation.RequestResponseBodyMethodProcessor.resolveArgument(RequestResponseBodyMethodProcessor.java:143) ~[spring-webmvc-6.1.1.jar:6.1.1]
	at org.springframework.web.method.support.HandlerMethodArgumentResolverComposite.resolveArgument(HandlerMethodArgumentResolverComposite.java:122) ~[spring-web-6.1.1.jar:6.1.1]
	at org.springframework.web.method.support.InvocableHandlerMethod.getMethodArgumentValues(InvocableHandlerMethod.java:218) ~[spring-web-6.1.1.jar:6.1.1]
	at org.springframework.web.method.support.InvocableHandlerMethod.invokeForRequest(InvocableHandlerMethod.java:171) ~[spring-web-6.1.1.jar:6.1.1]
	at org.springframework.web.servlet.mvc.method.annotation.ServletInvocableHandlerMethod.invokeAndHandle(ServletInvocableHandlerMethod.java:118) ~[spring-webmvc-6.1.1.jar:6.1.1]
	at org.springframework.web.servlet.mvc.method.annotation.RequestMappingHandlerAdapter.invokeHandlerMethod(RequestMappingHandlerAdapter.java:917) ~[spring-webmvc-6.1.1.jar:6.1.1]
	at org.springframework.web.servlet.mvc.method.annotation.RequestMappingHandlerAdapter.handleInternal(RequestMappingHandlerAdapter.java:829) ~[spring-webmvc-6.1.1.jar:6.1.1]
	at org.springframework.web.servlet.mvc.method.AbstractHandlerMethodAdapter.handle(AbstractHandlerMethodAdapter.java:87) ~[spring-webmvc-6.1.1.jar:6.1.1]
	at org.springframework.web.servlet.DispatcherServlet.doDispatch(DispatcherServlet.java:1089) ~[spring-webmvc-6.1.1.jar:6.1.1]
	at org.springframework.web.servlet.DispatcherServlet.doService(DispatcherServlet.java:979) ~[spring-webmvc-6.1.1.jar:6.1.1]
	at org.springframework.web.servlet.FrameworkServlet.processRequest(FrameworkServlet.java:1014) ~[spring-webmvc-6.1.1.jar:6.1.1]
	at org.springframework.web.servlet.FrameworkServlet.doPost(FrameworkServlet.java:914) ~[spring-webmvc-6.1.1.jar:6.1.1]
	at jakarta.servlet.http.HttpServlet.service(HttpServlet.java:590) ~[tomcat-embed-core-10.1.16.jar:6.0]
	at org.springframework.web.servlet.FrameworkServlet.service(FrameworkServlet.java:885) ~[spring-webmvc-6.1.1.jar:6.1.1]
	at jakarta.servlet.http.HttpServlet.service(HttpServlet.java:658) ~[tomcat-embed-core-10.1.16.jar:6.0]
	at org.apache.catalina.core.ApplicationFilterChain.internalDoFilter(ApplicationFilterChain.java:205) ~[tomcat-embed-core-10.1.16.jar:10.1.16]
	at org.apache.catalina.core.ApplicationFilterChain.doFilter(ApplicationFilterChain.java:149) ~[tomcat-embed-core-10.1.16.jar:10.1.16]
	at org.apache.tomcat.websocket.server.WsFilter.doFilter(WsFilter.java:51) ~[tomcat-embed-websocket-10.1.16.jar:10.1.16]
	at org.apache.catalina.core.ApplicationFilterChain.internalDoFilter(ApplicationFilterChain.java:174) ~[tomcat-embed-core-10.1.16.jar:10.1.16]
	at org.apache.catalina.core.ApplicationFilterChain.doFilter(ApplicationFilterChain.java:149) ~[tomcat-embed-core-10.1.16.jar:10.1.16]
	at org.springframework.web.filter.CorsFilter.doFilterInternal(CorsFilter.java:91) ~[spring-web-6.1.1.jar:6.1.1]
	at org.springframework.web.filter.OncePerRequestFilter.doFilter(OncePerRequestFilter.java:116) ~[spring-web-6.1.1.jar:6.1.1]
	at org.apache.catalina.core.ApplicationFilterChain.internalDoFilter(ApplicationFilterChain.java:174) ~[tomcat-embed-core-10.1.16.jar:10.1.16]
	at org.apache.catalina.core.ApplicationFilterChain.doFilter(ApplicationFilterChain.java:149) ~[tomcat-embed-core-10.1.16.jar:10.1.16]
	at org.springframework.web.filter.RequestContextFilter.doFilterInternal(RequestContextFilter.java:100) ~[spring-web-6.1.1.jar:6.1.1]
	at org.springframework.web.filter.OncePerRequestFilter.doFilter(OncePerRequestFilter.java:116) ~[spring-web-6.1.1.jar:6.1.1]
	at org.apache.catalina.core.ApplicationFilterChain.internalDoFilter(ApplicationFilterChain.java:174) ~[tomcat-embed-core-10.1.16.jar:10.1.16]
	at org.apache.catalina.core.ApplicationFilterChain.doFilter(ApplicationFilterChain.java:149) ~[tomcat-embed-core-10.1.16.jar:10.1.16]
	at org.springframework.web.filter.FormContentFilter.doFilterInternal(FormContentFilter.java:93) ~[spring-web-6.1.1.jar:6.1.1]
	at org.springframework.web.filter.OncePerRequestFilter.doFilter(OncePerRequestFilter.java:116) ~[spring-web-6.1.1.jar:6.1.1]
	at org.apache.catalina.core.ApplicationFilterChain.internalDoFilter(ApplicationFilterChain.java:174) ~[tomcat-embed-core-10.1.16.jar:10.1.16]
	at org.apache.catalina.core.ApplicationFilterChain.doFilter(ApplicationFilterChain.java:149) ~[tomcat-embed-core-10.1.16.jar:10.1.16]
	at org.springframework.web.filter.CharacterEncodingFilter.doFilterInternal(CharacterEncodingFilter.java:201) ~[spring-web-6.1.1.jar:6.1.1]
	at org.springframework.web.filter.OncePerRequestFilter.doFilter(OncePerRequestFilter.java:116) ~[spring-web-6.1.1.jar:6.1.1]
	at org.apache.catalina.core.ApplicationFilterChain.internalDoFilter(ApplicationFilterChain.java:174) ~[tomcat-embed-core-10.1.16.jar:10.1.16]
	at org.apache.catalina.core.ApplicationFilterChain.doFilter(ApplicationFilterChain.java:149) ~[tomcat-embed-core-10.1.16.jar:10.1.16]
	at org.apache.catalina.core.StandardWrapperValve.invoke(StandardWrapperValve.java:167) ~[tomcat-embed-core-10.1.16.jar:10.1.16]
	at org.apache.catalina.core.StandardContextValve.invoke(StandardContextValve.java:90) ~[tomcat-embed-core-10.1.16.jar:10.1.16]
	at org.apache.catalina.authenticator.AuthenticatorBase.invoke(AuthenticatorBase.java:482) ~[tomcat-embed-core-10.1.16.jar:10.1.16]
	at org.apache.catalina.core.StandardHostValve.invoke(StandardHostValve.java:115) ~[tomcat-embed-core-10.1.16.jar:10.1.16]
	at org.apache.catalina.valves.ErrorReportValve.invoke(ErrorReportValve.java:93) ~[tomcat-embed-core-10.1.16.jar:10.1.16]
	at org.apache.catalina.core.StandardEngineValve.invoke(StandardEngineValve.java:74) ~[tomcat-embed-core-10.1.16.jar:10.1.16]
	at org.apache.catalina.connector.CoyoteAdapter.service(CoyoteAdapter.java:340) ~[tomcat-embed-core-10.1.16.jar:10.1.16]
	at org.apache.coyote.http11.Http11Processor.service(Http11Processor.java:391) ~[tomcat-embed-core-10.1.16.jar:10.1.16]
	at org.apache.coyote.AbstractProcessorLight.process(AbstractProcessorLight.java:63) ~[tomcat-embed-core-10.1.16.jar:10.1.16]
	at org.apache.coyote.AbstractProtocol$ConnectionHandler.process(AbstractProtocol.java:896) ~[tomcat-embed-core-10.1.16.jar:10.1.16]
	at org.apache.tomcat.util.net.NioEndpoint$SocketProcessor.doRun(NioEndpoint.java:1744) ~[tomcat-embed-core-10.1.16.jar:10.1.16]
	at org.apache.tomcat.util.net.SocketProcessorBase.run(SocketProcessorBase.java:52) ~[tomcat-embed-core-10.1.16.jar:10.1.16]
	at org.apache.tomcat.util.threads.ThreadPoolExecutor.runWorker(ThreadPoolExecutor.java:1191) ~[tomcat-embed-core-10.1.16.jar:10.1.16]
	at org.apache.tomcat.util.threads.ThreadPoolExecutor$Worker.run(ThreadPoolExecutor.java:659) ~[tomcat-embed-core-10.1.16.jar:10.1.16]
	at org.apache.tomcat.util.threads.TaskThread$WrappingRunnable.run(TaskThread.java:61) ~[tomcat-embed-core-10.1.16.jar:10.1.16]
	at java.base/java.lang.Thread.run(Thread.java:1474) ~[na:na]

2026-05-05T00:37:24.733-04:00  INFO 11356 --- [ms-user] [nio-8085-exec-4] c.p.msuser.controller.AuthController     : Petición de login para email: admin@techstore.cl
2026-05-05T00:37:24.734-04:00  INFO 11356 --- [ms-user] [nio-8085-exec-4] c.pymetrack.msuser.service.AuthService   : Intento de login para email: admin@techstore.cl
Hibernate: 
    select
        u1_0.id,
        u1_0.activo,
        u1_0.actualizado_en,
        u1_0.apellido,
        u1_0.creado_en,
        u1_0.email,
        u1_0.nombre,
        u1_0.password,
        u1_0.pyme_id,
        u1_0.rol 
    from
        usuarios u1_0 
    where
        u1_0.email=? 
        and u1_0.activo=1
2026-05-05T00:37:24.746-04:00  WARN 11356 --- [ms-user] [nio-8085-exec-4] o.s.s.c.bcrypt.BCryptPasswordEncoder     : Encoded password does not look like BCrypt
2026-05-05T00:37:24.746-04:00  WARN 11356 --- [ms-user] [nio-8085-exec-4] c.pymetrack.msuser.service.AuthService   : Contraseña incorrecta para email: admin@techstore.cl
2026-05-05T00:37:24.747-04:00  WARN 11356 --- [ms-user] [nio-8085-exec-4] c.p.msuser.controller.AuthController     : Credenciales inválidas: Credenciales inválidas
2026-05-05T00:37:36.902-04:00  INFO 11356 --- [ms-user] [nio-8085-exec-6] c.p.msuser.controller.AuthController     : Petición de login para email: admin@techstore.cl
2026-05-05T00:37:36.903-04:00  INFO 11356 --- [ms-user] [nio-8085-exec-6] c.pymetrack.msuser.service.AuthService   : Intento de login para email: admin@techstore.cl
Hibernate: 
    select
        u1_0.id,
        u1_0.activo,
        u1_0.actualizado_en,
        u1_0.apellido,
        u1_0.creado_en,
        u1_0.email,
        u1_0.nombre,
        u1_0.password,
        u1_0.pyme_id,
        u1_0.rol 
    from
        usuarios u1_0 
    where
        u1_0.email=? 
        and u1_0.activo=1
2026-05-05T00:37:36.919-04:00  WARN 11356 --- [ms-user] [nio-8085-exec-6] o.s.s.c.bcrypt.BCryptPasswordEncoder     : Encoded password does not look like BCrypt
2026-05-05T00:37:36.919-04:00  WARN 11356 --- [ms-user] [nio-8085-exec-6] c.pymetrack.msuser.service.AuthService   : Contraseña incorrecta para email: admin@techstore.cl
2026-05-05T00:37:36.920-04:00  WARN 11356 --- [ms-user] [nio-8085-exec-6] c.p.msuser.controller.AuthController     : Credenciales inválidas: Credenciales inválidas
2026-05-05T00:37:52.062-04:00  INFO 11356 --- [ms-user] [nio-8085-exec-8] c.p.msuser.controller.AuthController     : Petición de login para email: admin@techstore.cl
2026-05-05T00:37:52.063-04:00  INFO 11356 --- [ms-user] [nio-8085-exec-8] c.pymetrack.msuser.service.AuthService   : Intento de login para email: admin@techstore.cl
Hibernate: 
    select
        u1_0.id,
        u1_0.activo,
        u1_0.actualizado_en,
        u1_0.apellido,
        u1_0.creado_en,
        u1_0.email,
        u1_0.nombre,
        u1_0.password,
        u1_0.pyme_id,
        u1_0.rol 
    from
        usuarios u1_0 
    where
        u1_0.email=? 
        and u1_0.activo=1
2026-05-05T00:37:52.069-04:00  WARN 11356 --- [ms-user] [nio-8085-exec-8] o.s.s.c.bcrypt.BCryptPasswordEncoder     : Encoded password does not look like BCrypt
2026-05-05T00:37:52.069-04:00  WARN 11356 --- [ms-user] [nio-8085-exec-8] c.pymetrack.msuser.service.AuthService   : Contraseña incorrecta para email: admin@techstore.cl
2026-05-05T00:37:52.070-04:00  WARN 11356 --- [ms-user] [nio-8085-exec-8] c.p.msuser.controller.AuthController     : Credenciales inválidas: Credenciales inválidas
2026-05-05T00:38:26.236-04:00  INFO 11356 --- [ms-user] [io-8085-exec-10] c.p.msuser.controller.AuthController     : Petición de login para email: admin@techstore.cl
2026-05-05T00:38:26.236-04:00  INFO 11356 --- [ms-user] [io-8085-exec-10] c.pymetrack.msuser.service.AuthService   : Intento de login para email: admin@techstore.cl
Hibernate: 
    select
        u1_0.id,
        u1_0.activo,
        u1_0.actualizado_en,
        u1_0.apellido,
        u1_0.creado_en,
        u1_0.email,
        u1_0.nombre,
        u1_0.password,
        u1_0.pyme_id,
        u1_0.rol 
    from
        usuarios u1_0 
    where
        u1_0.email=? 
        and u1_0.activo=1
2026-05-05T00:38:26.243-04:00  WARN 11356 --- [ms-user] [io-8085-exec-10] o.s.s.c.bcrypt.BCryptPasswordEncoder     : Encoded password does not look like BCrypt
2026-05-05T00:38:26.243-04:00  WARN 11356 --- [ms-user] [io-8085-exec-10] c.pymetrack.msuser.service.AuthService   : Contraseña incorrecta para email: admin@techstore.cl
2026-05-05T00:38:26.244-04:00  WARN 11356 --- [ms-user] [io-8085-exec-10] c.p.msuser.controller.AuthController     : Credenciales inválidas: Credenciales inválidas
2026-05-05T00:41:19.761-04:00  INFO 11356 --- [ms-user] [nio-8085-exec-3] c.p.msuser.controller.AuthController     : Petición de login para email: admin@techstore.cl
2026-05-05T00:41:19.763-04:00  INFO 11356 --- [ms-user] [nio-8085-exec-3] c.pymetrack.msuser.service.AuthService   : Intento de login para email: admin@techstore.cl
Hibernate: 
    select
        u1_0.id,
        u1_0.activo,
        u1_0.actualizado_en,
        u1_0.apellido,
        u1_0.creado_en,
        u1_0.email,
        u1_0.nombre,
        u1_0.password,
        u1_0.pyme_id,
        u1_0.rol 
    from
        usuarios u1_0 
    where
        u1_0.email=? 
        and u1_0.activo=1
2026-05-05T00:41:19.782-04:00  WARN 11356 --- [ms-user] [nio-8085-exec-3] o.s.s.c.bcrypt.BCryptPasswordEncoder     : Encoded password does not look like BCrypt
2026-05-05T00:41:19.782-04:00  WARN 11356 --- [ms-user] [nio-8085-exec-3] c.pymetrack.msuser.service.AuthService   : Contraseña incorrecta para email: admin@techstore.cl
2026-05-05T00:41:19.785-04:00  WARN 11356 --- [ms-user] [nio-8085-exec-3] c.p.msuser.controller.AuthController     : Credenciales inválidas: Credenciales inválidas
2026-05-05T00:41:29.544-04:00  INFO 11356 --- [ms-user] [nio-8085-exec-5] c.p.msuser.controller.AuthController     : Petición de login para email: admin@techstore.cl
2026-05-05T00:41:29.545-04:00  INFO 11356 --- [ms-user] [nio-8085-exec-5] c.pymetrack.msuser.service.AuthService   : Intento de login para email: admin@techstore.cl
Hibernate: 
    select
        u1_0.id,
        u1_0.activo,
        u1_0.actualizado_en,
        u1_0.apellido,
        u1_0.creado_en,
        u1_0.email,
        u1_0.nombre,
        u1_0.password,
        u1_0.pyme_id,
        u1_0.rol 
    from
        usuarios u1_0 
    where
        u1_0.email=? 
        and u1_0.activo=1
2026-05-05T00:41:29.555-04:00  WARN 11356 --- [ms-user] [nio-8085-exec-5] o.s.s.c.bcrypt.BCryptPasswordEncoder     : Encoded password does not look like BCrypt
2026-05-05T00:41:29.555-04:00  WARN 11356 --- [ms-user] [nio-8085-exec-5] c.pymetrack.msuser.service.AuthService   : Contraseña incorrecta para email: admin@techstore.cl
2026-05-05T00:41:29.555-04:00  WARN 11356 --- [ms-user] [nio-8085-exec-5] c.p.msuser.controller.AuthController     : Credenciales inválidas: Credenciales inválidas
2026-05-05T00:48:12.309-04:00  INFO 11356 --- [ms-user] [nio-8085-exec-7] c.p.msuser.controller.AuthController     : Petición de login para email: admin@techstore.cl
2026-05-05T00:48:12.310-04:00  INFO 11356 --- [ms-user] [nio-8085-exec-7] c.pymetrack.msuser.service.AuthService   : Intento de login para email: admin@techstore.cl
Hibernate: 
    select
        u1_0.id,
        u1_0.activo,
        u1_0.actualizado_en,
        u1_0.apellido,
        u1_0.creado_en,
        u1_0.email,
        u1_0.nombre,
        u1_0.password,
        u1_0.pyme_id,
        u1_0.rol 
    from
        usuarios u1_0 
    where
        u1_0.email=? 
        and u1_0.activo=1
2026-05-05T00:48:12.427-04:00  WARN 11356 --- [ms-user] [nio-8085-exec-7] c.pymetrack.msuser.service.AuthService   : Contraseña incorrecta para email: admin@techstore.cl
2026-05-05T00:48:12.428-04:00  WARN 11356 --- [ms-user] [nio-8085-exec-7] c.p.msuser.controller.AuthController     : Credenciales inválidas: Credenciales inválidas
2026-05-05T00:48:45.916-04:00  INFO 11356 --- [ms-user] [ionShutdownHook] j.LocalContainerEntityManagerFactoryBean : Closing JPA EntityManagerFactory for persistence unit 'default'
2026-05-05T00:48:45.918-04:00  INFO 11356 --- [ms-user] [ionShutdownHook] com.zaxxer.hikari.HikariDataSource       : HikariPool-1 - Shutdown initiated...
2026-05-05T00:48:45.919-04:00  INFO 11356 --- [ms-user] [ionShutdownHook] com.zaxxer.hikari.HikariDataSource       : HikariPool-1 - Shutdown completed.
[INFO] ------------------------------------------------------------------------
[INFO] BUILD FAILURE
[INFO] ------------------------------------------------------------------------
[INFO] Total time:  01:07 h
[INFO] Finished at: 2026-05-05T00:48:45-04:00
[INFO] ------------------------------------------------------------------------
[ERROR] Failed to execute goal org.springframework.boot:spring-boot-maven-plugin:3.2.0:run (default-cli) on project ms-user: Process terminated with exit code: 143 -> [Help 1]
[ERROR] 
[ERROR] To see the full stack trace of the errors, re-run Maven with the -e switch.
[ERROR] Re-run Maven using the -X switch to enable full debug logging.
[ERROR] 
[ERROR] For more information about the errors and possible solutions, please read the following articles:
[ERROR] [Help 1] http://cwiki.apache.org/confluence/display/MAVEN/MojoExecutionException
